probe,ix,iy,x_mm,y_mm,img_x_px,img_y_px,target_depth_mm,depth_mm,force_N,file,t_img,Fx,Fy,Fz,tcp_x,tcp_y,tcp_z,area_px,radius_px,centroid_px,diff_level
ball4,0,0,-4.490773426089505,-0.07777110659138953,395.38525029985135,311.38525029985135,0.15,0.21579086319415808,0.4246413871583627,ball4_x-4.49_y-0.08_d0.15.png,1789040075.684485,0.005774281778334256,-0.0042087498317036065,-0.4246413871583627,34.08889389038086,360.4104614257812,35.4456558227539,13684,65.9981248410816,"[265.23092662964046, 299.5989476761181]",12
ball4,0,0,-4.490773426089505,-0.07777110659138953,395.38525029985135,311.38525029985135,0.3,0.3825677929981879,1.0822182650582932,ball4_x-4.49_y-0.08_d0.30.png,1789040077.2445793,0.014886946918660372,0.033627391571456756,-1.0822182650582932,34.0849380493164,360.4142761230468,35.30247116088867,20407,80.5962148450696,"[246.162199245357, 298.8418679864752]",12
ball4,1,0,-2.583820443891248,-1.2061620996089095,677.6926251499257,311.38525029985135,0.15,0.21777484130361202,0.37283355021249065,ball4_x-2.58_y-1.21_d0.15.png,1789040080.1727426,0.017724271462297027,0.004328850028267972,-0.37283355021249065,36.30613708496093,360.3822326660156,35.44390487670898,17830,75.33568391311641,"[699.5416152551879, 295.439596186203]",12
ball4,1,0,-2.583820443891248,-1.2061620996089095,677.6926251499257,311.38525029985135,0.3,0.3967097731792286,1.009660761977051,ball4_x-2.58_y-1.21_d0.30.png,1789040081.9288054,0.03334040227693506,0.010634435408534237,-1.009660761977051,36.30871200561523,360.3856201171875,35.3071937561035,50808,127.171886426309,"[648.0239529207998, 313.54146984726816]",12
ball4,2,0,-0.6768674616929908,-2.3345530926264297,960.0,311.38525029985135,0.15,0.23391180421681668,0.3267508605090342,ball4_x-0.68_y-2.33_d0.15.png,1789040084.8530653,0.029368236278758175,-0.002941974823591842,-0.3267508605090342,38.52501678466797,360.3590393066406,35.4471969604492,49928,126.06576060685273,"[894.2579915077712, 332.860839609037]",12
ball4,2,0,-0.6768674616929908,-2.3345530926264297,960.0,311.38525029985135,0.3,0.409698060943132,0.9719124207090744,ball4_x-0.68_y-2.33_d0.30.png,1789040086.4171402,0.032989541044081604,-0.0036040351593156217,-0.9719124207090744,38.51690292358398,360.3622436523437,35.3064613342285,97729,176.37490430006102,"[899.8964483418432, 377.1092306275517]",12
ball4,3,0,1.2300855205052657,-3.46294408564395,1242.3073748500742,311.38525029985135,0.15,0.2553406115345638,0.31094052395202143,ball4_x+1.23_y-3.46_d0.15.png,1789040091.4893105,0.03418912619851433,-0.012653726593189241,-0.31094052395202143,40.7388572692871,360.3346252441406,35.4524345397949,57641,135.45368267241713,"[1157.4034975104526, 313.22416335594454]",12
ball4,3,0,1.2300855205052657,-3.46294408564395,1242.3073748500742,311.38525029985135,0.3,0.4217821097708274,0.9069363409289763,ball4_x+1.23_y-3.46_d0.30.png,1789040093.2455165,0.03859812437530117,0.003075742848723806,-0.9069363409289763,40.73892974853515,360.3355407714843,35.31119537353515,92444,171.5396138458238,"[1154.150610099087, 324.68217515468825]",12
ball4,4,0,3.1370385027035237,-4.591335078661471,1524.6147497001486,311.38525029985135,0.15,0.25829456072398926,0.264333419014784,ball4_x+3.14_y-4.59_d0.15.png,1789040096.1696734,0.0330055756467587,-0.006130142934569172,-0.264333419014784,42.95999145507812,360.2829284667968,35.45221710205078,23491,86.47206217237697,"[1411.5691541441404, 358.1231109786727]",12
ball4,4,0,3.1370385027035237,-4.591335078661471,1524.6147497001486,311.38525029985135,0.3,0.4302999229803106,0.8780971375093145,ball4_x+3.14_y-4.59_d0.30.png,1789040097.5377963,0.05047677734251508,0.023093332852650583,-0.8780971375093145,42.95816421508789,360.3126220703125,35.3155517578125,77212,156.77162668041322,"[1440.7034657825209, 296.2518649950785]",12
ball4,0,1,-3.5769934564036205,1.4664945327555514,395.38525029985135,540.0,0.15,0.1274518682719865,0.37970197340173967,ball4_x-3.58_y+1.47_d0.15.png,1789040102.6100695,0.0030010448653527535,0.005768823383873922,-0.37970197340173967,34.10890579223633,362.2055053710937,35.4975242614746,9151,53.970860364347246,"[272.2456562124358, 512.8072341820566]",12
ball4,0,1,-3.5769934564036205,1.4664945327555514,395.38525029985135,540.0,0.3,0.3105943235164297,1.0763878687047452,ball4_x-3.58_y+1.47_d0.30.png,1789040103.9741142,0.009581817493784329,0.02332991854319868,-1.0763878687047452,34.10483169555664,362.2098693847656,35.35337829589843,18822,77.40302757483914,"[473.4693443842312, 536.8820529167995]",12
ball4,1,1,-1.6700404742053634,0.3381035397380313,677.6926251499257,540.0,0.15,0.13851727627064037,0.27316226990989206,ball4_x-1.67_y+0.34_d0.15.png,1789040106.9023273,0.00863064422125177,-0.0017471488260154544,-0.27316226990989206,36.31494903564453,362.1834411621093,35.4993667602539,35143,105.76561033793998,"[643.2314258885126, 522.6063796488633]",12
ball4,1,1,-1.6700404742053634,0.3381035397380313,677.6926251499257,540.0,0.3,0.32232392670906407,0.950928988925179,ball4_x-1.67_y+0.34_d0.30.png,1789040108.2663705,0.02193538238514492,0.011834180028565733,-0.950928988925179,36.32058715820312,362.182159423828,35.35686111450195,57161,134.8885147229061,"[652.5394237329648, 520.1472157589965]",12
ball4,2,1,0.23691250799289382,-0.790287453279489,960.0,540.0,0.15,0.15585559774945068,0.23697797641467275,ball4_x+0.24_y-0.79_d0.15.png,1789040111.5825725,0.013469087473416508,-0.0155546773222472,-0.23697797641467275,38.5404472351074,362.1506958007812,35.49326705932617,64500,143.2863833686038,"[882.219007751938, 507.2167441860465]",12
ball4,2,1,0.23691250799289382,-0.790287453279489,960.0,540.0,0.3,0.33331108801552745,0.8929004483381533,ball4_x+0.24_y-0.79_d0.30.png,1789040113.5346859,0.03037228428089591,0.003700292207097,-0.8929004483381533,38.53930282592773,362.1553344726562,35.35533142089843,110028,187.1443297485396,"[889.3417675500782, 545.0642381939143]",12
ball4,3,1,2.1438654901911502,-1.9186784462970088,1242.3073748500742,540.0,0.15,0.16283970147309645,0.2354984278708713,ball4_x+2.14_y-1.92_d0.15.png,1789040118.022972,0.006505717965197988,0.0012794252614492408,-0.2354984278708713,40.75041580200195,362.1202697753906,35.50369644165039,61365,139.76081770535086,"[1133.6241994622342, 504.818137374725]",12
ball4,3,1,2.1438654901911502,-1.9186784462970088,1242.3073748500742,540.0,0.3,0.3443684630950088,0.8354059718738085,ball4_x+2.14_y-1.92_d0.30.png,1789040119.7789521,0.02401295233812135,0.0074257830587152185,-0.8354059718738085,40.75830078125,362.1291198730468,35.36199569702148,99015,177.5315560132565,"[1133.2162803615613, 517.5267080745342]",12
ball4,4,1,4.050818472389408,-3.0470694393145297,1524.6147497001486,540.0,0.15,0.18386928574684802,0.25876283924765175,ball4_x+4.05_y-3.05_d0.15.png,1789040123.0952673,0.022384677582456193,-0.009322785789394317,-0.25876283924765175,42.9751396179199,362.106201171875,35.50873947143554,47247,122.6343638321884,"[1451.690075560353, 497.9704954811946]",12
ball4,4,1,4.050818472389408,-3.0470694393145297,1524.6147497001486,540.0,0.3,0.3587506427542202,0.8270329318905368,ball4_x+4.05_y-3.05_d0.30.png,1789040124.4592273,0.03131934085490613,-0.0020048869970073825,-0.8270329318905368,42.9750289916992,362.1051025390625,35.36483764648437,79218,158.79506467049765,"[1445.1287586154663, 501.1212476962307]",12
ball4,0,2,-2.663213486717736,3.0107601721024926,395.38525029985135,768.6147497001486,0.15,0.0571718284968874,0.342531535656866,ball4_x-2.66_y+3.01_d0.15.png,1789040129.9236386,-0.0010572810143433032,0.007212568365621763,-0.342531535656866,34.12389373779297,364.0018615722656,35.5510025024414,7337,48.32638652879472,"[270.8977783835355, 731.6718004634047]",12
ball4,0,2,-2.663213486717736,3.0107601721024926,395.38525029985135,768.6147497001486,0.3,0.2328458218371523,1.003120856042409,ball4_x-2.66_y+3.01_d0.30.png,1789040131.2877154,-0.005498699375997518,0.02875906376169777,-1.003120856042409,34.11964035034179,364.0000610351562,35.40079116821289,20139,80.06524088426488,"[468.9405630865485, 749.2276677094195]",12
ball4,1,2,-0.7562605045194788,1.8823691790849724,677.6926251499257,768.6147497001486,0.15,0.07682787345261488,0.31521863823100205,ball4_x-0.76_y+1.88_d0.15.png,1789040134.2159114,0.003134484785353564,-0.00256431332929008,-0.31521863823100205,36.33736038208008,363.9751586914062,35.5578155517578,40984,114.21739086214707,"[657.9172603943002, 689.8203933242241]",12
ball4,1,2,-0.7562605045194788,1.8823691790849724,677.6926251499257,768.6147497001486,0.3,0.24312859012623633,0.9426924380261056,ball4_x-0.76_y+1.88_d0.30.png,1789040135.7758825,0.02151047265119459,0.004124906332275735,-0.9426924380261056,36.34207534790039,363.9761352539062,35.40501403808593,71407,150.76323836640663,"[656.3135967062053, 692.4147492542747]",12
ball4,2,2,1.1506924776787784,0.7539781860674521,960.0,768.6147497001486,0.15,0.08535664363415663,0.2953709715490277,ball4_x+1.15_y+0.75_d0.15.png,1789040139.4801893,0.018421245940712795,0.0076733526565115895,-0.2953709715490277,38.5596122741699,363.9519653320312,35.5590133666992,60102,138.31507791784014,"[890.829107184453, 683.7775282020565]",12
ball4,2,2,1.1506924776787784,0.7539781860674521,960.0,768.6147497001486,0.3,0.2551139383328831,0.8738793929900964,ball4_x+1.15_y+0.75_d0.30.png,1789040141.4323068,0.029421387518662457,0.013886615051697327,-0.8738793929900964,38.55679321289062,363.9525756835937,35.40703201293945,100527,178.88191056783222,"[891.9090791528644, 661.1462691615188]",12
ball4,3,2,3.057645459877035,-0.3744128069500676,1242.3073748500742,768.6147497001486,0.15,0.09595553669375079,0.2617929147032953,ball4_x+3.06_y-0.37_d0.15.png,1789040147.0925455,0.004793299522505024,0.003975795346370781,-0.2617929147032953,40.7775077819824,363.9235534667968,35.55667114257812,64387,143.16081391817988,"[1143.0545141099913, 695.9133676052619]",12
ball4,3,2,3.057645459877035,-0.3744128069500676,1242.3073748500742,768.6147497001486,0.3,0.2663602744109248,0.8425053206181815,ball4_x+3.06_y-0.37_d0.30.png,1789040148.65263,0.025795514063531044,0.010646980187163101,-0.8425053206181815,40.77809906005859,363.9279174804687,35.4115867614746,103926,181.88093146764075,"[1146.77699516964, 683.9130342743875]",12
ball4,4,2,4.964598442075292,-1.5028037999675885,1524.6147497001486,768.6147497001486,0.15,0.11316774398027007,0.26085967310482944,ball4_x+4.96_y-1.50_d0.15.png,1789040152.7489905,0.013386769054207192,-0.006279488946410794,-0.26085967310482944,42.99299240112304,363.8998413085937,35.56495285034179,45695,120.6033591952078,"[1450.0896378159537, 720.2461757303863]",12
ball4,4,2,4.964598442075292,-1.5028037999675885,1524.6147497001486,768.6147497001486,0.3,0.269981787552819,0.7472736500161489,ball4_x+4.96_y-1.50_d0.30.png,1789040154.113106,0.031255186233711284,0.007957428257755517,-0.7472736500161489,42.99714279174804,363.9024658203125,35.4191207885742,79286,158.86320415995652,"[1447.7863052745756, 712.3936129959892]",12
