sensor_id,index,at,image,label,Fx_s,Fy_s,Fz_s,Tx_s,Ty_s,Tz_s,Fx_base,Fy_base,Fz_base,Fmag,tcp_x,tcp_y,tcp_z,descent_mm,depth_corrected_mm,contact_x_sensor_mm,contact_y_sensor_mm,lateral_fraction,probe_tilt_deg
9DTact_medium_3mm_r1,1,2026-09-07T22:50:08.783970,0001.png,N0.50,0.00293,0.01473,-0.43795,-0.001006,0.000235,2.9e-05,-0.00179,0.00721,-0.43815,0.43821,37.9092,362.8419,39.5889,-0.0,0.4603,0.537,2.297,0.0343,2.952
9DTact_medium_3mm_r1,2,2026-09-07T22:50:11.880830,0002.png,N1.00,0.00324,0.02239,-0.99646,-0.000893,-0.000126,-1.7e-05,-0.00147,0.00505,-0.99671,0.99672,37.9119,362.8296,39.2193,0.3697,0.8301,-0.127,0.896,0.0227,2.952
9DTact_medium_3mm_r1,3,2026-09-07T22:50:14.165470,0003.png,N1.50,0.00706,0.02686,-1.42791,-0.000798,-0.000363,-3.8e-05,0.00259,0.00392,-1.42818,1.42818,37.9146,362.8252,38.9949,0.5942,1.0545,-0.254,0.559,0.0194,2.952
9DTact_medium_3mm_r1,4,2026-09-07T22:50:16.638088,0004.png,N2.00,0.01172,0.03089,-1.95215,-0.000596,-0.000595,-9.5e-05,0.00825,0.00134,-1.95241,1.95243,37.9207,362.8138,38.7633,0.826,1.2863,-0.305,0.305,0.0169,2.952
9DTact_medium_3mm_r1,5,2026-09-07T22:50:30.237765,0005.png,N0.50,0.01007,0.00136,-0.47605,-0.000447,0.000461,5.9e-05,0.01134,-0.00142,-0.47602,0.47616,37.9268,362.8257,39.558,0.0313,0.4916,0.968,0.939,0.0213,2.952
9DTact_medium_3mm_r1,6,2026-09-07T22:50:32.940385,0006.png,N1.00,0.00557,0.02226,-1.03004,-0.000793,-4.2e-05,0.000296,0.00085,0.00556,-1.03028,1.03029,37.913,362.8291,39.2165,0.3725,0.8328,-0.041,0.77,0.0223,2.952
9DTact_medium_3mm_r1,7,2026-09-07T22:50:35.419691,0007.png,N1.50,0.00814,0.02875,-1.55296,-0.0007,-0.000362,4.9e-05,0.00345,0.00409,-1.55324,1.55325,37.9144,362.821,38.9405,0.6487,1.109,-0.233,0.451,0.0192,2.952
9DTact_medium_3mm_r1,8,2026-09-07T22:50:37.478031,0008.png,N2.00,0.01281,0.04167,-2.00514,-0.000802,-0.000486,7.2e-05,0.00418,0.01037,-2.00558,2.00561,37.9165,362.8227,38.7492,0.8399,1.3002,-0.242,0.4,0.0217,2.952
9DTact_medium_3mm_r1,9,2026-09-07T22:50:51.721694,0009.png,N0.50,0.00518,0.00413,-0.49991,-0.000365,0.000584,-0.000256,0.00589,-0.00184,-0.49991,0.49995,37.9238,362.8186,39.5159,0.0734,0.5338,1.169,0.731,0.0132,2.952
9DTact_medium_3mm_r1,10,2026-09-07T22:50:54.598982,0010.png,N1.00,0.00891,0.01574,-1.0447,-0.000538,0.00021,0.000126,0.0071,0.00135,-1.04483,1.04486,37.9236,362.8213,39.1976,0.3917,0.852,0.201,0.515,0.0173,2.952
9DTact_medium_3mm_r1,11,2026-09-07T22:50:56.680365,0011.png,N1.50,0.00554,0.03181,-1.53403,-0.000686,-0.00024,0.000156,-0.00046,0.00574,-1.53436,1.53437,37.9149,362.8245,38.9576,0.6315,1.0919,-0.156,0.447,0.021,2.952
9DTact_medium_3mm_r1,12,2026-09-07T22:50:58.744095,0012.png,N2.00,0.01285,0.02533,-1.96687,-0.000348,-0.000343,6.6e-05,0.01211,-0.00315,-1.96704,1.96708,37.9223,362.813,38.7641,0.8252,1.2856,-0.175,0.177,0.0144,2.952
9DTact_medium_3mm_r1,13,2026-09-07T22:51:12.155585,0013.png,N0.50,-0.00822,0.01707,-0.48801,-0.000788,0.000121,-8.6e-05,-0.01227,0.00286,-0.48821,0.48837,37.8941,362.8246,39.5323,0.0567,0.517,0.248,1.614,0.0388,2.952
9DTact_medium_3mm_r1,14,2026-09-07T22:51:14.840372,0014.png,N1.00,0.01628,0.01934,-1.00299,-0.000583,0.00044,0.000251,0.0114,0.00882,-1.00321,1.00331,37.932,362.8205,39.2352,0.3541,0.8145,0.439,0.581,0.0252,2.952
9DTact_medium_3mm_r1,15,2026-09-07T22:51:16.898660,0015.png,N1.50,-0.00355,0.04394,-1.47833,-0.001072,-0.000457,0.000387,-0.01478,0.0126,-1.47886,1.47899,37.8989,362.8188,38.9966,0.5925,1.0528,-0.309,0.725,0.0298,2.952
9DTact_medium_3mm_r1,16,2026-09-07T22:51:19.379550,0016.png,N2.00,0.02041,0.02349,-1.99759,-0.000151,-9.7e-05,0.000145,0.01979,-0.00145,-1.99774,1.99783,37.9344,362.8063,38.7586,0.8309,1.2912,-0.048,0.075,0.0156,2.952
9DTact_medium_3mm_r1,17,2026-09-07T22:51:33.002275,0017.png,N0.50,0.01275,0.01641,-0.52552,-0.000644,0.000699,0.000368,0.00649,0.01216,-0.52575,0.52593,37.9241,362.8377,39.5495,0.0395,0.4998,1.331,1.226,0.0395,2.952
9DTact_medium_3mm_r1,18,2026-09-07T22:51:35.482085,0018.png,N1.00,0.00874,0.02049,-0.96692,-0.000612,0.000257,8e-06,0.00403,0.00663,-0.96715,0.96718,37.9191,362.824,39.2369,0.3523,0.8126,0.266,0.633,0.023,2.952
9DTact_medium_3mm_r1,19,2026-09-07T22:51:37.959278,0019.png,N1.50,0.00806,0.03496,-1.49451,-0.000723,-0.000194,-5.3e-05,-0.00013,0.01036,-1.4949,1.49494,37.9113,362.8234,38.9687,0.6204,1.0807,-0.13,0.484,0.024,2.952
9DTact_medium_3mm_r1,20,2026-09-07T22:51:40.216190,0020.png,N2.00,0.01244,0.04107,-1.95224,-0.000664,-0.00043,0.00011,0.00379,0.01051,-1.95268,1.95271,37.9161,362.8173,38.7764,0.8128,1.2731,-0.22,0.34,0.022,2.952
9DTact_medium_3mm_r1,21,2026-09-07T22:51:54.059171,0021.png,N0.50,0.00508,0.01269,-0.51659,-0.000588,0.00043,-1.8e-05,0.00164,0.00526,-0.51674,0.51677,37.9112,362.8351,39.5292,0.0598,0.5201,0.832,1.139,0.0265,2.952
9DTact_medium_3mm_r1,22,2026-09-07T22:51:56.535351,0022.png,N1.00,0.00729,0.01663,-0.95845,-0.00048,0.000217,9.8e-05,0.00465,0.00269,-0.95861,0.95863,37.9171,362.8206,39.2498,0.3394,0.7997,0.226,0.501,0.0189,2.952
9DTact_medium_3mm_r1,23,2026-09-07T22:51:59.017083,0023.png,N1.50,0.01834,0.02677,-1.55247,-0.000414,-3.2e-05,0.000315,0.01328,0.00748,-1.55274,1.55281,37.9229,362.8204,38.9622,0.627,1.0873,-0.02,0.267,0.0209,2.952
9DTact_medium_3mm_r1,24,2026-09-07T22:52:01.276132,0024.png,N2.00,0.02006,0.03404,-1.98518,-0.000333,-0.000217,0.000346,0.01413,0.0077,-1.98551,1.98558,37.924,362.8159,38.7754,0.8138,1.2742,-0.11,0.168,0.0199,2.952
9DTact_medium_3mm_r1,25,2026-09-07T22:52:14.695355,0025.png,N0.50,0.00421,0.01566,-0.50296,-0.000525,0.000322,-0.000206,-0.00069,0.00761,-0.50316,0.50322,37.9145,362.8356,39.5244,0.0646,0.5249,0.64,1.045,0.0322,2.952
9DTact_medium_3mm_r1,26,2026-09-07T22:52:17.177420,0026.png,N1.00,0.00601,0.02295,-0.97056,-0.000398,7.6e-05,7.8e-05,0.00047,0.00733,-0.97082,0.97085,37.9135,362.8215,39.2456,0.3436,0.8039,0.078,0.41,0.0244,2.952
9DTact_medium_3mm_r1,27,2026-09-07T22:52:19.657034,0027.png,N1.50,0.00961,0.03219,-1.51594,-0.000409,-0.000291,-0.000125,0.00275,0.0084,-1.51629,1.51632,37.9139,362.8196,38.9593,0.6299,1.0902,-0.192,0.27,0.0222,2.952
9DTact_medium_3mm_r1,28,2026-09-07T22:52:21.923728,0028.png,N2.00,0.01209,0.0313,-1.98416,-0.000135,-0.000641,4.6e-05,0.00859,0.00136,-1.98442,1.98444,37.9178,362.8156,38.7677,0.8216,1.2819,-0.323,0.068,0.0169,2.952
9DTact_medium_3mm_r1,29,2026-09-07T22:52:36.375705,0029.png,N0.50,0.00409,0.01083,-0.52575,-0.000305,0.000257,9.1e-05,0.00178,0.003,-0.52587,0.52588,37.912,362.825,39.5338,0.0554,0.5157,0.489,0.58,0.022,2.952
9DTact_medium_3mm_r1,30,2026-09-07T22:52:39.255017,0030.png,N1.00,0.00874,0.02018,-1.00763,-0.000303,-3.4e-05,-1.1e-05,0.00447,0.00571,-1.00784,1.00787,37.9139,362.8222,39.2198,0.3694,0.8297,-0.033,0.301,0.0218,2.952
9DTact_medium_3mm_r1,31,2026-09-07T22:52:41.723911,0031.png,N1.50,0.01228,0.03101,-1.55868,-0.000247,-0.000268,0.000124,0.00595,0.00802,-1.55901,1.55904,37.9173,362.8182,38.9528,0.6364,1.0967,-0.172,0.158,0.0214,2.952
9DTact_medium_3mm_r1,32,2026-09-07T22:52:43.598083,0032.png,N2.00,0.01535,0.03577,-1.92656,-7.1e-05,-0.000499,-0.000197,0.00879,0.00779,-1.92691,1.92695,37.9183,362.8153,38.7817,0.8075,1.2678,-0.259,0.037,0.0202,2.952
9DTact_medium_3mm_r1,33,2026-09-07T22:52:56.803773,0033.png,N0.50,0.00669,0.01306,-0.47137,-0.000382,0.000165,0.000149,0.00254,0.00711,-0.47153,0.47159,37.9122,362.8353,39.5841,0.0049,0.4653,0.349,0.809,0.0311,2.952
9DTact_medium_3mm_r1,34,2026-09-07T22:52:59.499582,0034.png,N1.00,0.0083,0.02374,-0.98469,-0.00031,-0.000107,6.3e-05,0.00216,0.00893,-0.98497,0.98501,37.9158,362.8207,39.2408,0.3484,0.8087,-0.109,0.315,0.0255,2.952
9DTact_medium_3mm_r1,35,2026-09-07T22:53:01.956344,0035.png,N1.50,0.01304,0.02966,-1.54996,-0.000203,-0.000445,0.000134,0.00722,0.00738,-1.55026,1.5503,37.9174,362.818,38.9633,0.6259,1.0862,-0.287,0.131,0.0209,2.952
9DTact_medium_3mm_r1,36,2026-09-07T22:53:03.824350,0036.png,N2.00,0.01824,0.03956,-1.96831,-0.000243,-0.000629,0.000156,0.00968,0.01184,-1.96873,1.96879,37.9181,362.8167,38.7844,0.8048,1.2651,-0.32,0.124,0.0221,2.952
9DTact_medium_3mm_r1,37,2026-09-07T22:53:16.840664,0037.png,N0.50,0.00885,0.0109,-0.4745,-0.000248,-2e-05,0.000163,0.00551,0.00626,-0.47463,0.47471,37.912,362.8262,39.5795,0.0097,0.47,-0.042,0.524,0.0296,2.952
9DTact_medium_3mm_r1,38,2026-09-07T22:53:19.921294,0038.png,N1.00,0.01361,0.02417,-0.99104,-0.000289,-0.000262,-2.1e-05,0.00658,0.01186,-0.99134,0.99143,37.9154,362.8235,39.2334,0.3558,0.8161,-0.264,0.292,0.028,2.952
9DTact_medium_3mm_r1,39,2026-09-07T22:53:22.382343,0039.png,N1.50,0.01986,0.03748,-1.50986,-0.000256,-0.000475,-7.2e-05,0.00894,0.0182,-1.51032,1.51045,37.9193,362.8231,38.9709,0.6183,1.0786,-0.314,0.17,0.0281,2.952
9DTact_medium_3mm_r1,40,2026-09-07T22:53:24.478798,0040.png,N2.00,0.02207,0.04064,-2.01759,5.3e-05,-0.000686,0.000217,0.0128,0.01391,-2.01803,2.01812,37.9244,362.8176,38.7665,0.8228,1.2831,-0.34,-0.026,0.0229,2.952
