principle,probe,measure,group_by,group,n_units,x_name,x,median,q1,q3
DIGIT_Marker,ball4,diameter_px,hardness,soft,6,force_N,0.33488809994493524,241.58823837633685,216.3057986968282,246.97605751894378
DIGIT_Marker,ball4,diameter_px,hardness,soft,6,force_N,0.6675937493043143,279.2397625526248,261.78640283913955,289.4270054670251
DIGIT_Marker,ball4,diameter_px,hardness,soft,6,force_N,1.0002993986636932,302.01553037631925,261.97459617186104,320.8735862496545
DIGIT_Marker,ball4,diameter_px,hardness,soft,6,force_N,1.3330050480230722,329.0449677758899,301.6646608909648,356.92845885031755
DIGIT_Marker,ball4,diameter_px,hardness,soft,6,force_N,1.6657106973824511,350.340034555772,316.6006216393782,370.4761938507022
DIGIT_Marker,ball4,diameter_px,hardness,soft,6,force_N,1.9984163467418303,371.63588787113815,330.1262408752827,392.93085017811154
DIGIT_Marker,ball4,diameter_px,hardness,soft,6,force_N,2.3311219961012095,394.2194879395224,345.0353253780016,425.64364897593185
DIGIT_Marker,ball4,diameter_px,hardness,soft,6,force_N,2.6638276454605885,407.6953937797807,370.58938895311553,433.33632416296916
DIGIT_Marker,ball4,diameter_px,hardness,soft,6,force_N,2.9965332948199674,409.49597422748593,383.74194737549885,445.9251776396171
DIGIT_Marker,ball4,diameter_px,hardness,soft,6,force_N,3.3292389441793464,419.0239075392126,395.0434741465756,472.4768928996248
DIGIT_Marker,ball4,diameter_px,hardness,soft,6,force_N,3.6619445935387254,428.55184085093913,405.87449838417933,482.0743837015393
DIGIT_Marker,ball4,diameter_px,hardness,soft,6,force_N,3.9946502428981048,439.08193498385344,416.47016140110327,491.37736391944287
DIGIT_Marker,ball4,diameter_px,hardness,soft,6,force_N,4.327355892257483,450.9361891028283,428.1583308017755,507.405451515184
DIGIT_Marker,ball4,diameter_px,hardness,soft,6,force_N,4.660061541616862,459.399402135232,438.16905350422815,515.55694885232
DIGIT_Marker,ball4,diameter_px,hardness,soft,6,force_N,4.992767190976241,465.56858015481646,450.58967083215174,522.0093420465467
DIGIT_Marker,ball4,diameter_px,hardness,soft,6,force_N,5.32547284033562,479.4855555355739,469.9758588173399,536.737471779586
DIGIT_Marker,ball4,diameter_px,hardness,soft,6,force_N,5.658178489695,503.83926871380936,474.84791798315507,552.9482304279023
DIGIT_Marker,ball4,diameter_px,hardness,soft,6,force_N,5.990884139054378,517.6291432463973,476.6473149647597,554.27369626023
DIGIT_Marker,ball4,diameter_px,hardness,soft,6,force_N,6.3235897884137575,520.3498688748385,477.0414688133586,562.3491223619844
DIGIT_Marker,ball4,diameter_px,hardness,soft,6,force_N,6.656295437773136,521.6326663566039,483.2646550819751,574.2941703667979
DIGIT_Marker,ball4,diameter_px,hardness,soft,6,force_N,6.989001087132515,542.0572408277535,501.5823541522674,589.2179506668533
DIGIT_Marker,ball4,diameter_px,hardness,soft,6,force_N,7.321706736491894,555.9473986129074,520.8589007881205,592.8476117011952
DIGIT_Marker,ball4,diameter_px,hardness,soft,6,force_N,7.654412385851273,574.6921034945269,525.090650534466,597.2147337458033
DIGIT_Marker,ball4,diameter_px,hardness,soft,6,force_N,7.987118035210653,575.9822828577035,521.0592508794463,597.5888480679428
DIGIT_Marker,ball4,diameter_px,hardness,soft,6,force_N,8.319823684570032,578.3750549037413,534.1883324453604,602.5598116756871
DIGIT_Marker,ball4,diameter_px,hardness,soft,6,force_N,8.65252933392941,594.2562460145123,542.1632104065552,608.7457028817232
DIGIT_Marker,ball4,diameter_px,hardness,soft,6,force_N,8.98523498328879,594.1903560092632,544.5222675430333,610.5067755031139
DIGIT_Marker,ball4,diameter_px,hardness,soft,6,force_N,9.317940632648169,581.2158394376725,539.0675963436727,610.9157598777747
DIGIT_Marker,ball4,diameter_px,hardness,soft,6,force_N,9.650646282007548,583.6924244901957,540.716965289347,615.3147483158565
DIGIT_Marker,ball4,diameter_px,hardness,soft,6,force_N,9.983351931366926,586.6903164710586,542.0672635976002,617.1618493875744
DIGIT_Marker,ball4,diameter_px,hardness,soft,6,force_N,10.316057580726305,572.6971047360839,525.2958310262067,625.4666031872471
DIGIT_Marker,ball4,diameter_px,hardness,soft,6,force_N,10.648763230085684,535.5087669323166,516.7536661550969,573.7195935132894
DIGIT_Marker,ball4,diameter_px,hardness,soft,6,force_N,10.981468879445064,537.5218894076214,519.5318339156843,575.4161590647827
DIGIT_Marker,ball4,diameter_px,hardness,soft,6,force_N,11.314174528804443,541.0239511321123,524.5407013546439,577.8571942408691
DIGIT_Marker,ball4,diameter_px,hardness,soft,6,force_N,11.646880178163821,544.5260128566033,527.551400361721,580.0279645067716
DIGIT_Marker,ball4,diameter_px,hardness,soft,6,force_N,11.9795858275232,548.0280745810943,529.6827457005154,582.1621849524922
DIGIT_Marker,ball4,diameter_px,hardness,soft,6,force_N,12.31229147688258,551.5301363055852,531.8140910393098,584.312396102722
DIGIT_Marker,ball4,diameter_px,hardness,soft,6,force_N,12.64499712624196,551.4595774464697,532.159126086301,584.750842087503
DIGIT_Marker,ball4,diameter_px,hardness,soft,6,force_N,12.977702775601339,551.1819109939606,532.4006073365954,585.0857342755871
DIGIT_Marker,ball4,diameter_px,hardness,medium,6,force_N,0.33488809994493524,223.4419459920544,185.4158998240702,228.87102732457186
DIGIT_Marker,ball4,diameter_px,hardness,medium,6,force_N,0.6675937493043143,252.74076371413653,236.80273796710907,265.4745385035102
DIGIT_Marker,ball4,diameter_px,hardness,medium,6,force_N,1.0002993986636932,266.2204885751938,254.15632311023725,293.61475086498774
DIGIT_Marker,ball4,diameter_px,hardness,medium,6,force_N,1.3330050480230722,295.20095472655265,277.70963245899,319.76171020236455
DIGIT_Marker,ball4,diameter_px,hardness,medium,6,force_N,1.6657106973824511,340.451224605255,292.82985581374305,347.7278178512368
DIGIT_Marker,ball4,diameter_px,hardness,medium,6,force_N,1.9984163467418303,337.9668100232023,317.44491428803144,376.7267974000913
DIGIT_Marker,ball4,diameter_px,hardness,medium,6,force_N,2.3311219961012095,353.91056895867706,333.9335883368553,390.4926673399547
DIGIT_Marker,ball4,diameter_px,hardness,medium,6,force_N,2.6638276454605885,369.8543278941518,349.93161003684463,402.8059167914264
DIGIT_Marker,ball4,diameter_px,hardness,medium,6,force_N,2.9965332948199674,395.1919881092117,365.929631736834,418.02440721968156
DIGIT_Marker,ball4,diameter_px,hardness,medium,6,force_N,3.3292389441793464,427.61850755446926,382.03440893149053,431.790277159545
DIGIT_Marker,ball4,diameter_px,hardness,medium,6,force_N,3.6619445935387254,445.55614709940846,398.4965432093994,451.8197727946173
DIGIT_Marker,ball4,diameter_px,hardness,medium,6,force_N,3.9946502428981048,456.38730065070274,414.95867748730836,467.9272620278733
DIGIT_Marker,ball4,diameter_px,hardness,medium,6,force_N,4.327355892257483,464.449222354159,431.42081176521725,476.0644447272079
DIGIT_Marker,ball4,diameter_px,hardness,medium,6,force_N,4.660061541616862,472.51114405761535,454.6127987150766,484.2016274265424
DIGIT_Marker,ball4,diameter_px,hardness,medium,6,force_N,4.992767190976241,480.57306576107163,459.02605026364506,492.33881012587693
DIGIT_Marker,ball4,diameter_px,hardness,medium,6,force_N,5.32547284033562,488.63498746452797,472.28339894788644,500.4759928252115
DIGIT_Marker,ball4,diameter_px,hardness,medium,6,force_N,5.658178489695,508.4094053307326,476.80814842553866,508.6131755245461
DIGIT_Marker,ball4,diameter_px,hardness,medium,6,force_N,5.990884139054378,524.160492202926,480.10155139759956,535.1397839187757
DIGIT_Marker,ball4,diameter_px,hardness,medium,6,force_N,6.3235897884137575,548.0961932272886,498.2004281564418,555.6853324898683
DIGIT_Marker,ball4,diameter_px,hardness,medium,6,force_N,6.656295437773136,549.047461904807,508.4461249234669,573.6146269188334
DIGIT_Marker,ball4,diameter_px,hardness,medium,6,force_N,6.989001087132515,561.6035059496581,515.81828370185,588.2136126143254
DIGIT_Marker,ball4,diameter_px,hardness,medium,6,force_N,7.321706736491894,564.2483049317141,514.2165487868987,614.2344898825551
DIGIT_Marker,ball4,diameter_px,hardness,medium,6,force_N,7.654412385851273,573.3263381124731,523.5630601076311,616.2223020725443
DIGIT_Marker,ball4,diameter_px,hardness,medium,6,force_N,7.987118035210653,575.9526599454528,523.5349010608229,622.121483647833
DIGIT_Marker,ball4,diameter_px,hardness,medium,6,force_N,8.319823684570032,593.7637178885103,526.1919095422579,627.8191393726078
DIGIT_Marker,ball4,diameter_px,hardness,medium,6,force_N,8.65252933392941,560.7252583029885,487.3399051231841,602.4549014506186
DIGIT_Marker,ball4,diameter_px,hardness,medium,6,force_N,8.98523498328879,529.4724647283401,446.3407934622874,565.112945546185
DIGIT_Marker,ball4,diameter_px,hardness,medium,6,force_N,9.317940632648169,533.8946498857683,449.63977627541993,569.7919682978934
DIGIT_Marker,ball4,diameter_px,hardness,medium,6,force_N,9.650646282007548,533.273576966987,450.2434196156646,569.2969260986127
DIGIT_Marker,ball4,diameter_px,hardness,medium,6,force_N,9.983351931366926,531.3586088116405,446.41062165512085,569.7855961793007
DIGIT_Marker,ball4,diameter_px,hardness,hard,6,force_N,0.33488809994493524,241.67543928075543,234.0398990582379,242.97120911134746
DIGIT_Marker,ball4,diameter_px,hardness,hard,6,force_N,0.6675937493043143,277.81408561782837,271.17283716726513,287.6129874314843
DIGIT_Marker,ball4,diameter_px,hardness,hard,6,force_N,1.0002993986636932,306.9573062867373,295.68898811595,312.1440021318077
DIGIT_Marker,ball4,diameter_px,hardness,hard,6,force_N,1.3330050480230722,329.65109150013404,318.93067362014267,350.97137910703844
DIGIT_Marker,ball4,diameter_px,hardness,hard,6,force_N,1.6657106973824511,339.69675046684154,334.0572900386234,370.1998222769801
DIGIT_Marker,ball4,diameter_px,hardness,hard,6,force_N,1.9984163467418303,366.97342369916214,351.30994499876056,390.64153261912213
DIGIT_Marker,ball4,diameter_px,hardness,hard,6,force_N,2.3311219961012095,382.88169629552084,365.0142424105165,408.51770871923577
DIGIT_Marker,ball4,diameter_px,hardness,hard,6,force_N,2.6638276454605885,396.417690534875,380.3898018802336,425.1725774766712
DIGIT_Marker,ball4,diameter_px,hardness,hard,6,force_N,2.9965332948199674,421.4022248444117,398.07199516458,439.9031355052579
DIGIT_Marker,ball4,diameter_px,hardness,hard,6,force_N,3.3292389441793464,441.63218421744887,410.86078299274743,461.802758459022
DIGIT_Marker,ball4,diameter_px,hardness,hard,6,force_N,3.6619445935387254,456.18390052000194,423.63523845990954,475.4460665155374
DIGIT_Marker,ball4,diameter_px,hardness,hard,6,force_N,3.9946502428981048,467.61439409385076,435.1537876708113,487.29969303749544
DIGIT_Marker,ball4,diameter_px,hardness,hard,6,force_N,4.327355892257483,476.779781847917,446.672336881713,498.0207666495621
DIGIT_Marker,ball4,diameter_px,hardness,hard,6,force_N,4.660061541616862,485.94516960198325,458.19088609261473,508.7418402616289
DIGIT_Marker,ball4,diameter_px,hardness,hard,6,force_N,4.992767190976241,480.57564201806196,471.6949167166313,524.0594678589136
DIGIT_Marker,ball4,diameter_px,hardness,hard,6,force_N,5.32547284033562,501.48975925731753,493.4859299113822,535.7693412985419
DIGIT_Marker,ball4,diameter_px,hardness,hard,6,force_N,5.658178489695,512.0483074223064,511.0945131576641,543.0610239403186
DIGIT_Marker,ball4,diameter_px,hardness,hard,6,force_N,5.990884139054378,521.9580780896251,510.97672671869435,563.6566534273932
DIGIT_Marker,ball4,diameter_px,hardness,hard,6,force_N,6.3235897884137575,521.0657423861207,519.3531089410018,542.38067208463
DIGIT_Marker,ball4,diameter_px,hardness,hard,6,force_N,6.656295437773136,529.9991285772712,513.6862971917508,537.6575662380749
DIGIT_Marker,ball4,diameter_px,hardness,hard,6,force_N,6.989001087132515,528.0094469165264,521.6775000039299,558.2060534886783
DIGIT_Marker,ball4,diameter_px,hardness,hard,6,force_N,7.321706736491894,545.6038993339397,526.1982109045867,557.6420221149726
DIGIT_Marker,ball4,diameter_px,hardness,hard,6,force_N,7.654412385851273,563.5933264311434,552.3118202423706,594.2476972078935
DIGIT_Marker,ball4,diameter_px,hardness,hard,6,force_N,7.987118035210653,556.4288908814538,533.8091933612649,577.5346119608032
DIGIT_Marker,ball4,diameter_px,hardness,hard,6,force_N,8.319823684570032,559.9524251016526,536.4739498547892,582.841440101326
DIGIT_Marker,ball4,diameter_px,hardness,hard,6,force_N,8.65252933392941,564.6063891896958,538.7260261733787,591.0702768387786
DIGIT_Marker,ball4,diameter_px,hardness,hard,6,force_N,8.98523498328879,565.8500905511396,563.5547684447661,596.3240833316279
DIGIT_Marker,ball4,diameter_px,hardness,hard,6,force_N,9.317940632648169,601.3270909578254,570.1750856455739,616.9845117820531
DIGIT_Marker,ball4,diameter_px,hardness,hard,6,force_N,9.650646282007548,586.6329184848423,538.6149129411378,613.8186360148586
DIGIT_Marker,ball4,diameter_px,hardness,hard,6,force_N,9.983351931366926,588.7459069399522,543.5019941696648,613.0026340876757
DIGIT_Marker,ball4,diameter_px,hardness,hard,6,force_N,10.316057580726305,594.8853013989612,548.8017723989799,619.9451090890906
DIGIT_Marker,ball4,diameter_px,hardness,hard,6,force_N,10.648763230085684,595.42202556284,552.6369910271133,620.1637054768651
DIGIT_Marker,ball4,diameter_px,hardness,hard,6,force_N,10.981468879445064,585.6703538563341,530.4551913059529,598.0038767070607
DIGIT_Marker,ball4,diameter_px,hardness,hard,6,force_N,11.314174528804443,587.9423999074203,528.2448313417159,600.7949967448191
DIGIT_Marker,ball4,diameter_px,thickness_mm,1,6,force_N,0.33488809994493524,194.95303094505158,172.8121448281574,221.61758071784212
DIGIT_Marker,ball4,diameter_px,thickness_mm,1,6,force_N,0.6675937493043143,244.69038139970343,219.89927180168297,266.6708160845004
DIGIT_Marker,ball4,diameter_px,thickness_mm,1,6,force_N,1.0002993986636932,253.596507667197,246.33609248942864,272.0361428248059
DIGIT_Marker,ball4,diameter_px,thickness_mm,1,6,force_N,1.3330050480230722,286.67470133007623,273.19941547375726,306.12635378845556
DIGIT_Marker,ball4,diameter_px,thickness_mm,1,6,force_N,1.6657106973824511,307.010675092519,291.03635484253005,340.451224605255
DIGIT_Marker,ball4,diameter_px,thickness_mm,1,6,force_N,1.9984163467418303,317.23018173016476,309.99290045514346,337.9668100232023
DIGIT_Marker,ball4,diameter_px,thickness_mm,1,6,force_N,2.3311219961012095,328.94944606775687,327.4496883678105,353.91056895867706
DIGIT_Marker,ball4,diameter_px,thickness_mm,1,6,force_N,2.6638276454605885,359.6984458129107,341.03050001508154,369.8543278941518
DIGIT_Marker,ball4,diameter_px,thickness_mm,1,6,force_N,2.9965332948199674,375.7847550747249,365.0929344011794,395.1919881092117
DIGIT_Marker,ball4,diameter_px,thickness_mm,1,6,force_N,3.3292389441793464,387.2069038294831,373.3822689280788,427.61850755446926
DIGIT_Marker,ball4,diameter_px,thickness_mm,1,6,force_N,3.6619445935387254,398.6290525842414,381.67160345497825,460.04502699972676
DIGIT_Marker,ball4,diameter_px,thickness_mm,1,6,force_N,3.9946502428981048,410.0512013389996,389.96093798187775,482.8282729370768
DIGIT_Marker,ball4,diameter_px,thickness_mm,1,6,force_N,4.327355892257483,421.4733500937578,398.25027250877713,491.7673395227302
DIGIT_Marker,ball4,diameter_px,thickness_mm,1,6,force_N,4.660061541616862,432.89549884851607,406.5396070356766,500.70640610838365
DIGIT_Marker,ball4,diameter_px,thickness_mm,1,6,force_N,4.992767190976241,431.17989099990575,407.31305838041095,467.4202559072221
DIGIT_Marker,ball4,diameter_px,thickness_mm,1,6,force_N,5.32547284033562,458.50641562146745,438.12320093334574,485.8664084617497
DIGIT_Marker,ball4,diameter_px,thickness_mm,1,6,force_N,5.658178489695,459.40747383176205,445.0830672577121,488.524637627945
DIGIT_Marker,ball4,diameter_px,thickness_mm,1,6,force_N,5.990884139054378,460.30853204205664,452.0429335820785,491.6048980002113
DIGIT_Marker,ball4,diameter_px,thickness_mm,1,6,force_N,6.3235897884137575,461.2095902523512,457.43556451934955,496.6128588031862
DIGIT_Marker,ball4,diameter_px,thickness_mm,1,6,force_N,6.656295437773136,467.81768011141367,460.3911471189999,507.4214244181936
DIGIT_Marker,ball4,diameter_px,thickness_mm,1,6,force_N,6.989001087132515,486.1452003961656,472.9623751741328,524.5787698596677
DIGIT_Marker,ball4,diameter_px,thickness_mm,1,6,force_N,7.321706736491894,510.40355615216333,494.2576668227205,542.4720091462978
DIGIT_Marker,ball4,diameter_px,thickness_mm,1,6,force_N,7.654412385851273,504.9538312232876,489.32089065169174,538.8754263891934
DIGIT_Marker,ball4,diameter_px,thickness_mm,1,6,force_N,7.987118035210653,487.79761464223986,469.90732788321327,536.2840416439072
DIGIT_Marker,ball4,diameter_px,thickness_mm,1,6,force_N,8.319823684570032,505.43808263790214,481.5328256173642,549.2644817125409
DIGIT_Marker,ball4,diameter_px,thickness_mm,1,6,force_N,8.65252933392941,489.9187536389979,467.7756711799752,507.83268601585473
DIGIT_Marker,ball4,diameter_px,thickness_mm,1,6,force_N,8.98523498328879,491.2653889288111,464.90587827209515,510.22728939380727
DIGIT_Marker,ball4,diameter_px,thickness_mm,1,6,force_N,9.317940632648169,492.6120242186243,466.2804508112352,512.0336834605581
DIGIT_Marker,ball4,diameter_px,thickness_mm,1,6,force_N,9.650646282007548,493.9586595084375,467.65502335037525,513.5744474000867
DIGIT_Marker,ball4,diameter_px,thickness_mm,1,6,force_N,9.983351931366926,495.30529479825077,469.11843179124133,514.7420619385548
DIGIT_Marker,ball4,diameter_px,thickness_mm,1,6,force_N,10.316057580726305,496.651930088064,474.88906979420653,515.7478640468257
DIGIT_Marker,ball4,diameter_px,thickness_mm,1,6,force_N,10.648763230085684,497.9985653778772,481.0908422529188,516.7536661550969
DIGIT_Marker,ball4,diameter_px,thickness_mm,1,6,force_N,10.981468879445064,501.5417784237471,488.3909035896593,519.5318339156843
DIGIT_Marker,ball4,diameter_px,thickness_mm,1,6,force_N,11.314174528804443,508.05745157717547,488.3023571765935,524.5407013546439
DIGIT_Marker,ball4,diameter_px,thickness_mm,1,6,force_N,11.646880178163821,510.57678786683874,482.3781703546569,527.551400361721
DIGIT_Marker,ball4,diameter_px,thickness_mm,2,6,force_N,0.33488809994493524,239.02647577677652,231.6981317845376,241.98440404345405
DIGIT_Marker,ball4,diameter_px,thickness_mm,2,6,force_N,0.6675937493043143,274.5595938410571,270.7666055692589,282.39231010442103
DIGIT_Marker,ball4,diameter_px,thickness_mm,2,6,force_N,1.0002993986636932,301.2376010863662,294.4758648393069,308.3347383452201
DIGIT_Marker,ball4,diameter_px,thickness_mm,2,6,force_N,1.3330050480230722,321.58820793197924,318.93067362014267,329.46014445953494
DIGIT_Marker,ball4,diameter_px,thickness_mm,2,6,force_N,1.6657106973824511,346.5491395655962,339.0678579417706,352.92960733751374
DIGIT_Marker,ball4,diameter_px,thickness_mm,2,6,force_N,1.9984163467418303,371.63588787113815,368.2394781787241,376.15943740797843
DIGIT_Marker,ball4,diameter_px,thickness_mm,2,6,force_N,2.3311219961012095,391.2747851532939,383.06409962376995,392.98394822321
DIGIT_Marker,ball4,diameter_px,thickness_mm,2,6,force_N,2.6638276454605885,403.03406758257825,395.59190580201295,404.00945755329616
DIGIT_Marker,ball4,diameter_px,thickness_mm,2,6,force_N,2.9965332948199674,414.7014156984163,408.5547492526533,418.68234925707566
DIGIT_Marker,ball4,diameter_px,thickness_mm,2,6,force_N,3.3292389441793464,425.6424535700586,418.7885463185327,434.4681078139454
DIGIT_Marker,ball4,diameter_px,thickness_mm,2,6,force_N,3.6619445935387254,437.5244965086468,428.0813383174662,450.2538663708151
DIGIT_Marker,ball4,diameter_px,thickness_mm,2,6,force_N,3.9946502428981048,449.4120645154977,437.4044882856339,465.0422716835807
DIGIT_Marker,ball4,diameter_px,thickness_mm,2,6,force_N,4.327355892257483,459.0541638169935,449.5747310143284,473.16063913394566
DIGIT_Marker,ball4,diameter_px,thickness_mm,2,6,force_N,4.660061541616862,468.66011542835736,456.6945598032982,481.27900658431065
DIGIT_Marker,ball4,diameter_px,thickness_mm,2,6,force_N,4.992767190976241,476.1339912388515,471.45197789870724,489.39737403467564
DIGIT_Marker,ball4,diameter_px,thickness_mm,2,6,force_N,5.32547284033562,491.0604586879551,482.9373978297186,498.7284770967542
DIGIT_Marker,ball4,diameter_px,thickness_mm,2,6,force_N,5.658178489695,508.5112904276393,506.96512752964594,511.1895244478663
DIGIT_Marker,ball4,diameter_px,thickness_mm,2,6,force_N,5.990884139054378,523.626332777796,522.2416019053853,532.3949609898133
DIGIT_Marker,ball4,diameter_px,thickness_mm,2,6,force_N,6.3235897884137575,532.7819959588703,520.310661664029,546.667312941624
DIGIT_Marker,ball4,diameter_px,thickness_mm,2,6,force_N,6.656295437773136,534.4911182354078,518.0958904519982,546.199987988124
DIGIT_Marker,ball4,diameter_px,thickness_mm,2,6,force_N,6.989001087132515,559.7157888126608,531.7182315113173,561.5090104964045
DIGIT_Marker,ball4,diameter_px,thickness_mm,2,6,force_N,7.321706736491894,560.9451635233434,542.6649876433709,571.7286920376617
DIGIT_Marker,ball4,diameter_px,thickness_mm,2,6,force_N,7.654412385851273,574.8019893191731,573.1615093755039,591.740104767991
DIGIT_Marker,ball4,diameter_px,thickness_mm,2,6,force_N,7.987118035210653,576.743635953128,571.4989825024348,580.8462597606842
DIGIT_Marker,ball4,diameter_px,thickness_mm,2,6,force_N,8.319823684570032,584.875180453613,573.0912517765184,592.0500186178577
DIGIT_Marker,ball4,diameter_px,thickness_mm,2,6,force_N,8.65252933392941,592.0324891661855,591.1559542411055,595.987627156775
DIGIT_Marker,ball4,diameter_px,thickness_mm,2,6,force_N,8.98523498328879,596.3240833316279,590.521500595723,597.8592114228034
DIGIT_Marker,ball4,diameter_px,thickness_mm,2,6,force_N,9.317940632648169,601.3270909578254,600.5273216081301,605.6892867100183
DIGIT_Marker,ball4,diameter_px,thickness_mm,2,6,force_N,9.650646282007548,604.0876936982113,602.2297487789384,605.3202752302385
DIGIT_Marker,ball4,diameter_px,thickness_mm,2,6,force_N,9.983351931366926,607.6480657882923,600.466344581762,608.2125835469609
DIGIT_Marker,ball4,diameter_px,thickness_mm,2,6,force_N,10.316057580726305,610.2666370261338,609.7563909641153,621.0501856144764
DIGIT_Marker,ball4,diameter_px,thickness_mm,2,6,force_N,10.648763230085684,611.8417808593381,610.995465251356,622.5696934484248
DIGIT_Marker,ball4,diameter_px,thickness_mm,3,6,force_N,0.33488809994493524,245.0824479584557,243.39383215041744,248.12300386398726
DIGIT_Marker,ball4,diameter_px,thickness_mm,3,6,force_N,0.6675937493043143,285.16069635385196,259.4143866859438,290.760226479253
DIGIT_Marker,ball4,diameter_px,thickness_mm,3,6,force_N,1.0002993986636932,311.5129230658125,268.3747192007131,314.82062048727875
DIGIT_Marker,ball4,diameter_px,thickness_mm,3,6,force_N,1.3330050480230722,349.61434484112317,295.7217087472087,361.43559360062704
DIGIT_Marker,ball4,diameter_px,thickness_mm,3,6,force_N,1.6657106973824511,358.9791166475237,305.2290195531341,378.47612521508836
DIGIT_Marker,ball4,diameter_px,thickness_mm,3,6,force_N,1.9984163467418303,382.03589113318577,329.558439698583,398.859702404235
DIGIT_Marker,ball4,diameter_px,thickness_mm,3,6,force_N,2.3311219961012095,400.73696654815717,346.74406180414144,430.93175855593313
DIGIT_Marker,ball4,diameter_px,thickness_mm,3,6,force_N,2.6638276454605885,417.03614052101824,362.36074392701886,438.91021572763503
DIGIT_Marker,ball4,diameter_px,thickness_mm,3,6,force_N,2.9965332948199674,433.3353144938793,377.9774260498963,456.2180265949982
DIGIT_Marker,ball4,diameter_px,thickness_mm,3,6,force_N,3.3292389441793464,447.37674343825876,393.6741747937741,484.1432390284549
DIGIT_Marker,ball4,diameter_px,thickness_mm,3,6,force_N,3.6619445935387254,460.2419483891214,409.62460898908597,494.0699448345923
DIGIT_Marker,ball4,diameter_px,thickness_mm,3,6,force_N,3.9946502428981048,470.5953408274632,424.3191369281375,502.9656984254451
DIGIT_Marker,ball4,diameter_px,thickness_mm,3,6,force_N,4.327355892257483,480.94873326580495,439.0136648671889,519.0169857848535
DIGIT_Marker,ball4,diameter_px,thickness_mm,3,6,force_N,4.660061541616862,491.30212570414676,458.7555823102032,527.2097567307228
DIGIT_Marker,ball4,diameter_px,thickness_mm,3,6,force_N,4.992767190976241,502.3175549384878,464.4134482022493,535.181459438092
DIGIT_Marker,ball4,diameter_px,thickness_mm,3,6,force_N,5.32547284033562,518.6295502779298,479.5849890252442,550.420256783026
DIGIT_Marker,ball4,diameter_px,thickness_mm,3,6,force_N,5.658178489695,527.0777685489913,485.37973960857005,562.0925610139943
DIGIT_Marker,ball4,diameter_px,thickness_mm,3,6,force_N,5.990884139054378,537.3166900730438,487.82034522787325,564.4148162789118
DIGIT_Marker,ball4,diameter_px,thickness_mm,3,6,force_N,6.3235897884137575,542.6680990933451,503.9167567138615,572.6209063538491
DIGIT_Marker,ball4,diameter_px,thickness_mm,3,6,force_N,6.656295437773136,553.1368391487226,513.834375836918,585.5316402386561
DIGIT_Marker,ball4,diameter_px,thickness_mm,3,6,force_N,6.989001087132515,554.9151369408561,518.866074505519,594.3667763739888
DIGIT_Marker,ball4,diameter_px,thickness_mm,3,6,force_N,7.321706736491894,569.9180504560456,522.0633864236589,597.8501234941554
DIGIT_Marker,ball4,diameter_px,thickness_mm,3,6,force_N,7.654412385851273,573.2797587251321,530.750250141316,601.7072479163083
DIGIT_Marker,ball4,diameter_px,thickness_mm,3,6,force_N,7.987118035210653,576.5533348938193,531.7583985159806,601.2707572043279
DIGIT_Marker,ball4,diameter_px,thickness_mm,3,6,force_N,8.319823684570032,583.8646002003011,534.6320384321066,608.6005086907915
DIGIT_Marker,ball4,diameter_px,thickness_mm,3,6,force_N,8.65252933392941,587.977895353364,537.7504908386933,612.3081768657466
DIGIT_Marker,ball4,diameter_px,thickness_mm,3,6,force_N,8.98523498328879,587.6602429240663,537.9930406574466,613.9834019982546
DIGIT_Marker,ball4,diameter_px,thickness_mm,3,6,force_N,9.317940632648169,592.2768291399484,542.9647588257197,616.3330269951206
DIGIT_Marker,ball4,diameter_px,thickness_mm,3,6,force_N,9.650646282007548,571.0360881907462,533.273576966987,619.0570998550716
DIGIT_Marker,ball4,diameter_px,thickness_mm,3,6,force_N,9.983351931366926,577.0254692981424,531.3586088116405,620.3331105873351
DIGIT_Marker,ball4,level,hardness,soft,6,force_N,0.33488809994493524,7.434803959521762,7.349289078311076,7.6694300178976285
DIGIT_Marker,ball4,level,hardness,soft,6,force_N,0.6675937493043143,8.14553733981981,8.019117952319686,8.298178840977133
DIGIT_Marker,ball4,level,hardness,soft,6,force_N,1.0002993986636932,8.621596557147495,8.082444906154908,8.933628597770724
DIGIT_Marker,ball4,level,hardness,soft,6,force_N,1.3330050480230722,9.376189244184054,8.738388114299664,9.767293023388817
DIGIT_Marker,ball4,level,hardness,soft,6,force_N,1.6657106973824511,9.942070363159308,9.141501488934903,10.115708836887052
DIGIT_Marker,ball4,level,hardness,soft,6,force_N,1.9984163467418303,10.582852014320936,9.458483356791922,10.850515692190122
DIGIT_Marker,ball4,level,hardness,soft,6,force_N,2.3311219961012095,11.395239818795927,9.938810577770909,11.71440066249832
DIGIT_Marker,ball4,level,hardness,soft,6,force_N,2.6638276454605885,11.927447304401731,10.713171008973767,12.04362005672188
DIGIT_Marker,ball4,level,hardness,soft,6,force_N,2.9965332948199674,12.17511287928626,11.08811863033883,12.606608991141204
DIGIT_Marker,ball4,level,hardness,soft,6,force_N,3.3292389441793464,12.721908983786019,11.452483650006481,13.767695003217959
DIGIT_Marker,ball4,level,hardness,soft,6,force_N,3.6619445935387254,13.268705088285774,11.816848669674132,14.296619454279224
DIGIT_Marker,ball4,level,hardness,soft,6,force_N,3.9946502428981048,14.134556658371572,12.17437300435656,15.122009279729731
DIGIT_Marker,ball4,level,hardness,soft,6,force_N,4.327355892257483,14.92431798179839,12.668568561775624,15.741335685105042
DIGIT_Marker,ball4,level,hardness,soft,6,force_N,4.660061541616862,15.56142781816463,12.996395701416443,16.254614165647848
DIGIT_Marker,ball4,level,hardness,soft,6,force_N,4.992767190976241,16.057812774692525,13.410562576640393,16.697530206271477
DIGIT_Marker,ball4,level,hardness,soft,6,force_N,5.32547284033562,17.048299566611682,14.440055003204746,17.923489402075543
DIGIT_Marker,ball4,level,hardness,soft,6,force_N,5.658178489695,18.084836334321167,15.165429226364662,18.95343831582743
DIGIT_Marker,ball4,level,hardness,soft,6,force_N,5.990884139054378,18.78336415442719,15.780590208775443,19.34103620864891
DIGIT_Marker,ball4,level,hardness,soft,6,force_N,6.3235897884137575,19.150763062761794,16.192526550657014,19.598120284268674
DIGIT_Marker,ball4,level,hardness,soft,6,force_N,6.656295437773136,19.407799952603106,16.491263782557915,21.379363387684776
DIGIT_Marker,ball4,level,hardness,soft,6,force_N,6.989001087132515,20.21998976622485,16.976533664244016,21.315626623109438
DIGIT_Marker,ball4,level,hardness,soft,6,force_N,7.321706736491894,20.94749878587453,17.41612346592521,22.165578813774264
DIGIT_Marker,ball4,level,hardness,soft,6,force_N,7.654412385851273,21.34431118445532,17.653087840423584,22.456324055960028
DIGIT_Marker,ball4,level,hardness,soft,6,force_N,7.987118035210653,21.55516942783931,17.22104761166112,22.65242572725005
DIGIT_Marker,ball4,level,hardness,soft,6,force_N,8.319823684570032,21.92436683364476,18.369255847863574,23.034933683963445
DIGIT_Marker,ball4,level,hardness,soft,6,force_N,8.65252933392941,22.246831180538727,18.52002010302231,23.25998847316498
DIGIT_Marker,ball4,level,hardness,soft,6,force_N,8.98523498328879,22.44638596805094,18.601924616080517,23.442785790916588
DIGIT_Marker,ball4,level,hardness,soft,6,force_N,9.317940632648169,22.585141945475545,18.718292456209248,23.568737867747643
DIGIT_Marker,ball4,level,hardness,soft,6,force_N,9.650646282007548,22.68927052095772,18.80150614854591,23.65376156682014
DIGIT_Marker,ball4,level,hardness,soft,6,force_N,9.983351931366926,22.83940833384036,18.90772445958281,23.741069416408877
DIGIT_Marker,ball4,level,hardness,soft,6,force_N,10.316057580726305,20.35990318255537,17.619911594668984,23.295821131209557
DIGIT_Marker,ball4,level,hardness,soft,6,force_N,10.648763230085684,17.781569113413056,17.632089992743317,20.46525579094019
DIGIT_Marker,ball4,level,hardness,soft,6,force_N,10.981468879445064,17.972555416924628,17.77937935130403,20.624717920624978
DIGIT_Marker,ball4,level,hardness,soft,6,force_N,11.314174528804443,18.30998624584374,18.002222621499314,20.857402313013534
DIGIT_Marker,ball4,level,hardness,soft,6,force_N,11.646880178163821,18.45488485894001,18.128799783783172,20.971360782780984
DIGIT_Marker,ball4,level,hardness,soft,6,force_N,11.9795858275232,18.51505392294271,18.213012171520248,21.039917079663866
DIGIT_Marker,ball4,level,hardness,soft,6,force_N,12.31229147688258,18.575222986945406,18.297224559257323,21.103950392520918
DIGIT_Marker,ball4,level,hardness,soft,6,force_N,12.64499712624196,18.635392050948106,18.337582700949916,21.146898554594717
DIGIT_Marker,ball4,level,hardness,soft,6,force_N,12.977702775601339,18.695561114950806,18.375398577897123,21.189846716668516
DIGIT_Marker,ball4,level,hardness,medium,6,force_N,0.33488809994493524,7.3280757594664205,7.141182352495727,7.728302573628017
DIGIT_Marker,ball4,level,hardness,medium,6,force_N,0.6675937493043143,7.994823538056075,7.742701085203664,8.27533618255611
DIGIT_Marker,ball4,level,hardness,medium,6,force_N,1.0002993986636932,8.4331932748701,8.237753167854947,8.590809728033989
DIGIT_Marker,ball4,level,hardness,medium,6,force_N,1.3330050480230722,9.154594073934476,8.919311719160632,9.30769122118487
DIGIT_Marker,ball4,level,hardness,medium,6,force_N,1.6657106973824511,9.575166832615878,9.124607059380931,10.026259520806303
DIGIT_Marker,ball4,level,hardness,medium,6,force_N,1.9984163467418303,10.498756286002074,9.573118502572655,10.51102869245876
DIGIT_Marker,ball4,level,hardness,medium,6,force_N,2.3311219961012095,10.952643820185083,10.010081551844566,11.303801046702045
DIGIT_Marker,ball4,level,hardness,medium,6,force_N,2.6638276454605885,11.40653135436809,10.44634733572693,12.096573400945328
DIGIT_Marker,ball4,level,hardness,medium,6,force_N,2.9965332948199674,11.976665041449069,10.882613119609294,12.847205721933815
DIGIT_Marker,ball4,level,hardness,medium,6,force_N,3.3292389441793464,12.554697606801824,11.397127696423137,13.564193042900216
DIGIT_Marker,ball4,level,hardness,medium,6,force_N,3.6619445935387254,13.13273017215458,12.173575024306986,14.216814376925424
DIGIT_Marker,ball4,level,hardness,medium,6,force_N,3.9946502428981048,13.707997338374089,12.950022352190837,14.836914407757932
DIGIT_Marker,ball4,level,hardness,medium,6,force_N,4.327355892257483,14.220570420717939,13.726469680074684,15.291032679546127
DIGIT_Marker,ball4,level,hardness,medium,6,force_N,4.660061541616862,14.733143503061791,14.46484094795057,15.71779775234993
DIGIT_Marker,ball4,level,hardness,medium,6,force_N,4.992767190976241,15.245716585405642,14.77670074302703,16.144562825153734
DIGIT_Marker,ball4,level,hardness,medium,6,force_N,5.32547284033562,15.758289667749493,15.6124845845039,16.571327897957534
DIGIT_Marker,ball4,level,hardness,medium,6,force_N,5.658178489695,16.270862750093343,16.23576380289145,16.998092970761338
DIGIT_Marker,ball4,level,hardness,medium,6,force_N,5.990884139054378,17.36198135126591,16.209230146578342,17.508500146329034
DIGIT_Marker,ball4,level,hardness,medium,6,force_N,6.3235897884137575,18.31768636975861,16.98181851244445,19.681114392916665
DIGIT_Marker,ball4,level,hardness,medium,6,force_N,6.656295437773136,18.669605538377223,17.287218563216264,19.246446949980754
DIGIT_Marker,ball4,level,hardness,medium,6,force_N,6.989001087132515,19.060313546752443,17.440582356141935,20.802652668272405
DIGIT_Marker,ball4,level,hardness,medium,6,force_N,7.321706736491894,19.479630161960436,17.46000385909359,21.729832271302886
DIGIT_Marker,ball4,level,hardness,medium,6,force_N,7.654412385851273,19.701636517468632,17.662990544830823,22.328258413087077
DIGIT_Marker,ball4,level,hardness,medium,6,force_N,7.987118035210653,19.893217878898554,17.78842040735256,22.328625485305285
DIGIT_Marker,ball4,level,hardness,medium,6,force_N,8.319823684570032,19.95207180651005,17.88755197946684,23.165206712584734
DIGIT_Marker,ball4,level,hardness,medium,6,force_N,8.65252933392941,20.675004165820585,17.188886587640653,23.402408896488144
DIGIT_Marker,ball4,level,hardness,medium,6,force_N,8.98523498328879,18.105871545903042,16.673011506090486,21.04995672867959
DIGIT_Marker,ball4,level,hardness,medium,6,force_N,9.317940632648169,18.15050811596892,17.266990568081095,21.281474882009952
DIGIT_Marker,ball4,level,hardness,medium,6,force_N,9.650646282007548,18.202349063304407,17.739793790744116,21.239798127026436
DIGIT_Marker,ball4,level,hardness,medium,6,force_N,9.983351931366926,18.242547648662622,18.241941939339355,21.394498627843184
DIGIT_Marker,ball4,level,hardness,hard,6,force_N,0.33488809994493524,7.483460054212692,7.360941384319169,7.850206515415831
DIGIT_Marker,ball4,level,hardness,hard,6,force_N,0.6675937493043143,8.015313688079999,7.860292372615675,8.504825400862922
DIGIT_Marker,ball4,level,hardness,hard,6,force_N,1.0002993986636932,8.417081838827432,8.271161227507463,9.229420942983754
DIGIT_Marker,ball4,level,hardness,hard,6,force_N,1.3330050480230722,9.276852229507984,8.860145703775885,9.810928269335195
DIGIT_Marker,ball4,level,hardness,hard,6,force_N,1.6657106973824511,9.751566513083873,9.04292017927185,10.367699977938805
DIGIT_Marker,ball4,level,hardness,hard,6,force_N,1.9984163467418303,10.271290766658154,9.454987460494264,11.360096130296077
DIGIT_Marker,ball4,level,hardness,hard,6,force_N,2.3311219961012095,10.818182720635239,9.867389763933629,11.935167450970685
DIGIT_Marker,ball4,level,hardness,hard,6,force_N,2.6638276454605885,11.42293301281925,10.308912351639156,12.510864710676934
DIGIT_Marker,ball4,level,hardness,hard,6,force_N,2.9965332948199674,12.044915958956787,10.759051266321444,13.32847087553837
DIGIT_Marker,ball4,level,hardness,hard,6,force_N,3.3292389441793464,12.58386911076072,11.174488397481653,14.139263926755081
DIGIT_Marker,ball4,level,hardness,hard,6,force_N,3.6619445935387254,13.115896368247803,11.590170288633566,14.654090140493622
DIGIT_Marker,ball4,level,hardness,hard,6,force_N,3.9946502428981048,13.647923625734887,12.0272998397175,15.131619153936681
DIGIT_Marker,ball4,level,hardness,hard,6,force_N,4.327355892257483,14.179950883221967,12.464429390801431,15.53801466808803
DIGIT_Marker,ball4,level,hardness,hard,6,force_N,4.660061541616862,14.71197814070905,12.901558941885364,15.94441018223938
DIGIT_Marker,ball4,level,hardness,hard,6,force_N,4.992767190976241,14.368339558635542,13.06969069318253,16.50752067893789
DIGIT_Marker,ball4,level,hardness,hard,6,force_N,5.32547284033562,15.375860114354474,14.164199962188366,17.36789134719407
DIGIT_Marker,ball4,level,hardness,hard,6,force_N,5.658178489695,16.42366165991634,15.114433202690075,17.842524209431485
DIGIT_Marker,ball4,level,hardness,hard,6,force_N,5.990884139054378,16.957541516529616,15.209226991715797,19.456118013138568
DIGIT_Marker,ball4,level,hardness,hard,6,force_N,6.3235897884137575,16.74810824922414,16.22913243493735,19.344986847721927
DIGIT_Marker,ball4,level,hardness,hard,6,force_N,6.656295437773136,17.94262093427735,16.875938503121137,20.338954765254744
DIGIT_Marker,ball4,level,hardness,hard,6,force_N,6.989001087132515,19.34428102881516,16.64671040929492,20.617662345548034
DIGIT_Marker,ball4,level,hardness,hard,6,force_N,7.321706736491894,19.317079658787936,17.99639403403588,21.68634788222814
DIGIT_Marker,ball4,level,hardness,hard,6,force_N,7.654412385851273,19.653094504027525,18.74786981639754,21.5213195127301
DIGIT_Marker,ball4,level,hardness,hard,6,force_N,7.987118035210653,20.441636745653014,19.13800496462179,22.444554553499675
DIGIT_Marker,ball4,level,hardness,hard,6,force_N,8.319823684570032,20.77559249361564,19.430595429871342,22.69946164829991
DIGIT_Marker,ball4,level,hardness,hard,6,force_N,8.65252933392941,21.25170032977103,19.93066119114555,22.998936655270164
DIGIT_Marker,ball4,level,hardness,hard,6,force_N,8.98523498328879,21.684181136892704,19.875021408474204,23.17937268737479
DIGIT_Marker,ball4,level,hardness,hard,6,force_N,9.317940632648169,21.928500736744056,20.52621884076947,23.469286743879145
DIGIT_Marker,ball4,level,hardness,hard,6,force_N,9.650646282007548,21.376492821594283,18.92967919574343,22.605999960256156
DIGIT_Marker,ball4,level,hardness,hard,6,force_N,9.983351931366926,21.48080043278881,19.180460794282617,22.633975802675746
DIGIT_Marker,ball4,level,hardness,hard,6,force_N,10.316057580726305,21.84568663889676,19.317714982741876,23.092805639937847
DIGIT_Marker,ball4,level,hardness,hard,6,force_N,10.648763230085684,21.88302511131723,19.431420270667324,23.07516158039902
DIGIT_Marker,ball4,level,hardness,hard,6,force_N,10.981468879445064,21.58163981467014,17.68639039757653,22.049982376522202
DIGIT_Marker,ball4,level,hardness,hard,6,force_N,11.314174528804443,21.69837339601821,17.754987411416792,22.20414158223756
DIGIT_Marker,ball4,level,thickness_mm,1,6,force_N,0.33488809994493524,7.178454942397268,6.878421353068935,9.505436428592677
DIGIT_Marker,ball4,level,thickness_mm,1,6,force_N,0.6675937493043143,7.950158200791136,7.393627872619098,10.39495490962705
DIGIT_Marker,ball4,level,thickness_mm,1,6,force_N,1.0002993986636932,8.076234139495533,7.66419376731002,10.934370716431632
DIGIT_Marker,ball4,level,thickness_mm,1,6,force_N,1.3330050480230722,8.956694023546234,8.393258622668064,11.701425228850608
DIGIT_Marker,ball4,level,thickness_mm,1,6,force_N,1.6657106973824511,8.877439385643079,8.708307098288337,10.44456472822578
DIGIT_Marker,ball4,level,thickness_mm,1,6,force_N,1.9984163467418303,9.166081652863188,9.088535072493578,10.51102869245876
DIGIT_Marker,ball4,level,thickness_mm,1,6,force_N,2.3311219961012095,9.468763046698818,9.454723920083296,11.303801046702045
DIGIT_Marker,ball4,level,thickness_mm,1,6,force_N,2.6638276454605885,10.33771917818077,9.844894145764261,12.096573400945328
DIGIT_Marker,ball4,level,thickness_mm,1,6,force_N,2.9965332948199674,10.77744953150038,10.567431447291714,12.847205721933815
DIGIT_Marker,ball4,level,thickness_mm,1,6,force_N,3.3292389441793464,11.062263264845937,10.821079736948285,13.566038180989718
DIGIT_Marker,ball4,level,thickness_mm,1,6,force_N,3.6619445935387254,11.347076998191493,11.074728026604857,14.284870640045622
DIGIT_Marker,ball4,level,thickness_mm,1,6,force_N,3.9946502428981048,11.631890731537052,11.328376316261428,14.864267606742326
DIGIT_Marker,ball4,level,thickness_mm,1,6,force_N,4.327355892257483,11.916704464882608,11.582024605917999,15.291032679546127
DIGIT_Marker,ball4,level,thickness_mm,1,6,force_N,4.660061541616862,12.201518198228165,11.835672895574572,15.71779775234993
DIGIT_Marker,ball4,level,thickness_mm,1,6,force_N,4.992767190976241,12.345386382124518,11.653107198782976,13.487229390551853
DIGIT_Marker,ball4,level,thickness_mm,1,6,force_N,5.32547284033562,13.41648693329947,12.588289273852139,14.379478844092544
DIGIT_Marker,ball4,level,thickness_mm,1,6,force_N,5.658178489695,13.92446158745088,13.038405964341797,14.912104836677427
DIGIT_Marker,ball4,level,thickness_mm,1,6,force_N,5.990884139054378,14.43243624160229,13.488522654831453,15.465641354953283
DIGIT_Marker,ball4,level,thickness_mm,1,6,force_N,6.3235897884137575,14.940410895753697,13.913893857532866,16.093872635194607
DIGIT_Marker,ball4,level,thickness_mm,1,6,force_N,6.656295437773136,15.37291947658466,14.300785869185818,16.494588041752525
DIGIT_Marker,ball4,level,thickness_mm,1,6,force_N,6.989001087132515,15.725839358570203,14.673598977647757,16.799696513172474
DIGIT_Marker,ball4,level,thickness_mm,1,6,force_N,7.321706736491894,16.070075511644557,15.020496106352539,17.111957136300617
DIGIT_Marker,ball4,level,thickness_mm,1,6,force_N,7.654412385851273,15.863988352641414,14.516659248368516,17.24510302831498
DIGIT_Marker,ball4,level,thickness_mm,1,6,force_N,7.987118035210653,15.654818106009401,14.84645257287064,16.80696981020405
DIGIT_Marker,ball4,level,thickness_mm,1,6,force_N,8.319823684570032,16.946350972756136,15.716651943667742,17.889666666901196
DIGIT_Marker,ball4,level,thickness_mm,1,6,force_N,8.65252933392941,16.920446929833453,15.074688549405156,17.102706238888334
DIGIT_Marker,ball4,level,thickness_mm,1,6,force_N,8.98523498328879,17.150390201186212,15.29743816020487,17.259061505020533
DIGIT_Marker,ball4,level,thickness_mm,1,6,force_N,9.317940632648169,17.219376806943952,15.319330985286413,17.334938438355223
DIGIT_Marker,ball4,level,thickness_mm,1,6,force_N,9.650646282007548,17.215676804813896,15.304880506424059,17.374472067746016
DIGIT_Marker,ball4,level,thickness_mm,1,6,force_N,9.983351931366926,17.283870770269797,15.49006618286319,17.449952680929787
DIGIT_Marker,ball4,level,thickness_mm,1,6,force_N,10.316057580726305,17.38324082117169,15.567166034889901,17.541021336836554
DIGIT_Marker,ball4,level,thickness_mm,1,6,force_N,10.648763230085684,17.482610872073582,15.62686349330955,17.632089992743317
DIGIT_Marker,ball4,level,thickness_mm,1,6,force_N,10.981468879445064,17.586203285683432,15.688672133083177,17.77937935130403
DIGIT_Marker,ball4,level,thickness_mm,1,6,force_N,11.314174528804443,17.694458997154886,15.753030211985129,18.002222621499314
DIGIT_Marker,ball4,level,thickness_mm,1,6,force_N,11.646880178163821,17.802714708626336,15.817482463174883,18.128799783783172
DIGIT_Marker,ball4,level,thickness_mm,2,6,force_N,0.33488809994493524,7.498405946668159,7.482230862498665,7.6694300178976285
DIGIT_Marker,ball4,level,thickness_mm,2,6,force_N,0.6675937493043143,8.210858349534996,7.965895706356252,8.3369138123787
DIGIT_Marker,ball4,level,thickness_mm,2,6,force_N,1.0002993986636932,8.570281573909341,8.496975947654557,8.897221333483152
DIGIT_Marker,ball4,level,thickness_mm,2,6,force_N,1.3330050480230722,9.222076600330368,9.116344837589068,9.488161064511523
DIGIT_Marker,ball4,level,thickness_mm,2,6,force_N,1.6657106973824511,9.942070363159308,9.6647970741645,10.007307872481789
DIGIT_Marker,ball4,level,thickness_mm,2,6,force_N,1.9984163467418303,10.664385923032912,10.37645542293411,10.92278467011548
DIGIT_Marker,ball4,level,thickness_mm,2,6,force_N,2.3311219961012095,11.395239818795927,11.051721157885606,11.565128397269616
DIGIT_Marker,ball4,level,thickness_mm,2,6,force_N,2.6638276454605885,11.946281937249182,11.514780141114256,12.207472124423754
DIGIT_Marker,ball4,level,thickness_mm,2,6,force_N,2.9965332948199674,12.17511287928626,11.987530262800346,12.76620373958584
DIGIT_Marker,ball4,level,thickness_mm,2,6,force_N,3.3292389441793464,12.721908983786019,12.571809406473397,13.378313072696143
DIGIT_Marker,ball4,level,thickness_mm,2,6,force_N,3.6619445935387254,13.268705088285774,13.156088550146448,13.990422405806443
DIGIT_Marker,ball4,level,thickness_mm,2,6,force_N,3.9946502428981048,14.134556658371572,13.731452959484336,14.744509179300465
DIGIT_Marker,ball4,level,thickness_mm,2,6,force_N,4.327355892257483,14.92431798179839,14.396468028652123,15.30086400233677
DIGIT_Marker,ball4,level,thickness_mm,2,6,force_N,4.660061541616862,15.56142781816463,14.895114680041663,15.947261499621032
DIGIT_Marker,ball4,level,thickness_mm,2,6,force_N,4.992767190976241,16.057812774692525,15.393761331431204,16.523296556986118
DIGIT_Marker,ball4,level,thickness_mm,2,6,force_N,5.32547284033562,17.00409858770292,16.022125384413705,17.26086610936264
DIGIT_Marker,ball4,level,thickness_mm,2,6,force_N,5.658178489695,18.032499406893464,16.820593877314824,18.132113675418207
DIGIT_Marker,ball4,level,thickness_mm,2,6,force_N,5.990884139054378,18.78336415442719,17.713559903853852,19.034149091470383
DIGIT_Marker,ball4,level,thickness_mm,2,6,force_N,6.3235897884137575,19.63516924341601,18.931532547185014,19.84730384144794
DIGIT_Marker,ball4,level,thickness_mm,2,6,force_N,6.656295437773136,19.702869176794085,18.803843113694285,20.418445155827005
DIGIT_Marker,ball4,level,thickness_mm,2,6,force_N,6.989001087132515,20.737485024841753,19.993825958631724,21.119204396854276
DIGIT_Marker,ball4,level,thickness_mm,2,6,force_N,7.321706736491894,21.46426718129657,20.821897133166665,22.08573574500489
DIGIT_Marker,ball4,level,thickness_mm,2,6,force_N,7.654412385851273,21.438183057868844,21.338943475179185,22.12652368799783
DIGIT_Marker,ball4,level,thickness_mm,2,6,force_N,7.987118035210653,21.94471762812853,21.552349256283076,22.66820659629235
DIGIT_Marker,ball4,level,thickness_mm,2,6,force_N,8.319823684570032,22.571755924757344,21.89739768200216,23.40361595599529
DIGIT_Marker,ball4,level,thickness_mm,2,6,force_N,8.65252933392941,22.8240938075397,22.236007474399162,23.44780864494134
DIGIT_Marker,ball4,level,thickness_mm,2,6,force_N,8.98523498328879,22.588271898344384,22.304500037757492,23.99404191145614
DIGIT_Marker,ball4,level,thickness_mm,2,6,force_N,9.317940632648169,22.648614275413596,22.521669615537494,24.412441648050986
DIGIT_Marker,ball4,level,thickness_mm,2,6,force_N,9.650646282007548,22.772318439766206,22.606222602149234,24.277247190748465
DIGIT_Marker,ball4,level,thickness_mm,2,6,force_N,9.983351931366926,22.896022604118816,22.7827940635619,24.54644960702375
DIGIT_Marker,ball4,level,thickness_mm,2,6,force_N,10.316057580726305,23.835228525051953,22.89528264704209,24.69130725530349
DIGIT_Marker,ball4,level,thickness_mm,2,6,force_N,10.648763230085684,23.950698968216365,22.97367232633213,24.803606756428167
DIGIT_Marker,ball4,level,thickness_mm,3,6,force_N,0.33488809994493524,7.426427186176015,7.3324249503008305,7.727274889707601
DIGIT_Marker,ball4,level,thickness_mm,3,6,force_N,0.6675937493043143,8.095460522653893,7.900365789902621,8.17674604949412
DIGIT_Marker,ball4,level,thickness_mm,3,6,force_N,1.0002993986636932,8.417081838827432,8.337398672339242,8.69173841461629
DIGIT_Marker,ball4,level,thickness_mm,3,6,force_N,1.3330050480230722,9.167990992687656,8.805715085365723,9.741229937497671
DIGIT_Marker,ball4,level,thickness_mm,3,6,force_N,1.6657106973824511,9.556586189531746,8.945430017495788,10.12523693493063
DIGIT_Marker,ball4,level,thickness_mm,3,6,force_N,1.9984163467418303,10.086020399075567,9.362352276702971,10.792742376068805
DIGIT_Marker,ball4,level,thickness_mm,3,6,force_N,2.3311219961012095,10.636511939218522,9.77655437322527,11.66975462749527
DIGIT_Marker,ball4,level,thickness_mm,3,6,force_N,2.6638276454605885,11.186654846666706,10.190773268562884,11.993266669989648
DIGIT_Marker,ball4,level,thickness_mm,3,6,force_N,2.9965332948199674,11.736797754114889,10.604992163900494,12.67182963036674
DIGIT_Marker,ball4,level,thickness_mm,3,6,force_N,3.3292389441793464,12.312438830739367,11.038773257470977,13.869464203960877
DIGIT_Marker,ball4,level,thickness_mm,3,6,force_N,3.6619445935387254,13.012120388581998,11.538282298800665,14.4314742693811
DIGIT_Marker,ball4,level,thickness_mm,3,6,force_N,3.9946502428981048,13.711801946424632,12.059239000062373,15.123581291412323
DIGIT_Marker,ball4,level,thickness_mm,3,6,force_N,4.327355892257483,14.411483504267263,12.58019570132408,15.784341239434475
DIGIT_Marker,ball4,level,thickness_mm,3,6,force_N,4.660061541616862,15.092127032105914,13.091633387583796,16.249010588376166
DIGIT_Marker,ball4,level,thickness_mm,3,6,force_N,4.992767190976241,15.642110710982461,13.496443205643654,16.75497788103666
DIGIT_Marker,ball4,level,thickness_mm,3,6,force_N,5.32547284033562,16.490187965848985,14.52627111776725,17.944720589169805
DIGIT_Marker,ball4,level,thickness_mm,3,6,force_N,5.658178489695,17.039144006161468,15.394765852740418,18.87449883340229
DIGIT_Marker,ball4,level,thickness_mm,3,6,force_N,5.990884139054378,17.832674079858457,15.459227780431434,19.505457525124378
DIGIT_Marker,ball4,level,thickness_mm,3,6,force_N,6.3235897884137575,18.163402680083188,16.41730395431412,19.53706097272032
DIGIT_Marker,ball4,level,thickness_mm,3,6,force_N,6.656295437773136,18.813086664235506,16.978758518144918,21.42427922809661
DIGIT_Marker,ball4,level,thickness_mm,3,6,force_N,6.989001087132515,19.029122350844986,16.845178396006673,21.301962864143672
DIGIT_Marker,ball4,level,thickness_mm,3,6,force_N,7.321706736491894,19.84137095813201,17.59410140282916,22.287490261508736
DIGIT_Marker,ball4,level,thickness_mm,3,6,force_N,7.654412385851273,20.398514730126394,17.934210362722503,22.62985231617194
DIGIT_Marker,ball4,level,thickness_mm,3,6,force_N,7.987118035210653,20.791279759060732,18.125816546669867,22.873361922887028
DIGIT_Marker,ball4,level,thickness_mm,3,6,force_N,8.319823684570032,21.065028539085624,18.273312842067966,23.215222811805933
DIGIT_Marker,ball4,level,thickness_mm,3,6,force_N,8.65252933392941,21.46479892320786,18.460389779821107,23.442602988778056
DIGIT_Marker,ball4,level,thickness_mm,3,6,force_N,8.98523498328879,21.527197047924496,18.548159011545835,23.59056098817419
DIGIT_Marker,ball4,level,thickness_mm,3,6,force_N,9.317940632648169,21.997752792324306,18.744435797169057,23.77390598486403
DIGIT_Marker,ball4,level,thickness_mm,3,6,force_N,9.650646282007548,20.77487752497983,18.202349063304407,23.947575942504784
DIGIT_Marker,ball4,level,thickness_mm,3,6,force_N,9.983351931366926,21.008527193891297,18.242547648662622,24.022751687172228
