sensor,width_px,height_px,split,seed,fz_mae,fz_rmse,fz_mae_baseline,fz_r2,lat_mae,lat_mae_baseline,lat_r2,lat_mae_shear,fz_mae_normal,n_test_shear,n_test_normal,norm,rep,n_train,n_val,n_test,fz_range,tx_mae,ty_mae,tz_mae,epochs,epochs_run,best_epoch,train_loss,val_loss,batch,micro_batch,accum,seconds
hard_1mm_r1,1920,1080,cycle,0,0.07212615758180618,0.11089759320020676,0.39566218852996826,0.9461291432380676,0.04065263643860817,0.1923907846212387,0.9374752044677734,0.0473199263215065,0.050289686769247055,122,69,none,raw,609,179,191,2.008579969406128,0.0007165519637055695,0.0009641706710681319,0.00014276655565481633,30,30,29,0.1432732996975847,0.22278317925650315,64,4,16,302.3
hard_1mm_r1,1280,720,cycle,0,0.06290150433778763,0.10218717902898788,0.39566218852996826,0.9542593359947205,0.037634409964084625,0.1923907846212387,0.9560338854789734,0.03721572086215019,0.053418323397636414,122,69,none,raw,609,179,191,2.008579969406128,0.0006746454746462405,0.0005488588358275592,0.00013799428415950388,30,30,28,0.17428195408020897,0.2195837610926708,64,11,6,103.1
hard_1mm_r1,854,480,cycle,0,0.06542768329381943,0.10264575481414795,0.39566218852996826,0.9538478851318359,0.03397063910961151,0.1923907846212387,0.9583216905593872,0.04416311904788017,0.05643516033887863,122,69,none,raw,609,179,191,2.008579969406128,0.0007233074284158647,0.0007297985139302909,0.00013856064470019192,30,30,29,0.15405898297753046,0.21489125123903072,64,24,3,47.8
hard_1mm_r1,640,360,cycle,0,0.06834971159696579,0.11217810213565826,0.39566218852996826,0.9448778629302979,0.032521288841962814,0.1923907846212387,0.961405873298645,0.04072534665465355,0.05614607408642769,122,69,none,raw,609,179,191,2.008579969406128,0.0006862612790428102,0.0007403974304907024,0.00011909314343938604,30,30,27,0.15958431553958086,0.2149669171711586,64,44,1,26.8
hard_1mm_r1,426,240,cycle,0,0.06353317201137543,0.10769788920879364,0.39566218852996826,0.9491929411888123,0.0347081795334816,0.1923907846212387,0.9559295773506165,0.04492897912859917,0.05287253111600876,122,69,none,raw,609,179,191,2.008579969406128,0.0013054583687335253,0.0006460642907768488,0.0001292675588047132,30,30,28,0.14595566437945187,0.2348063911139632,64,64,1,13.6
hard_1mm_r1,320,180,cycle,0,0.07039511948823929,0.11005567014217377,0.39566218852996826,0.946943998336792,0.03411652147769928,0.1923907846212387,0.9649918079376221,0.03672183305025101,0.057218655943870544,122,69,none,raw,609,179,191,2.008579969406128,0.0005543504958041012,0.0005793285090476274,0.00013567149289883673,30,30,29,0.18527349071158172,0.21051073340730295,64,64,1,8.4
hard_1mm_r1,160,90,cycle,0,0.06501663476228714,0.09938694536685944,0.39566218852996826,0.9567318558692932,0.02960444986820221,0.1923907846212387,0.966134250164032,0.03810909390449524,0.05095697566866875,122,69,none,raw,609,179,191,2.008579969406128,0.000921337166801095,0.0006465517799369991,0.00015812614583410323,30,30,28,0.1510344914027623,0.2414500273805757,64,64,1,3.5
hard_1mm_r1,80,45,cycle,0,0.05523299798369408,0.10136972367763519,0.39566218852996826,0.9549882411956787,0.02891097590327263,0.1923907846212387,0.9632261991500854,0.0393095538020134,0.05162685364484787,122,69,none,raw,609,179,191,2.008579969406128,0.0005026928847655654,0.0005549885099753737,0.0001721331791486591,30,30,28,0.19028240510787087,0.22350010791970365,64,64,1,2.8
hard_1mm_r1,48,27,cycle,0,0.06302027404308319,0.10594863444566727,0.39566218852996826,0.9508299827575684,0.047441303730010986,0.1923907846212387,0.9219996929168701,0.05700821802020073,0.055578917264938354,122,69,none,raw,609,179,191,2.008579969406128,0.0006595708546228707,0.0008359081111848354,0.00012877922563347965,30,30,24,0.24535529914943652,0.21018882836709477,64,64,1,2.7
hard_1mm_r1,32,18,cycle,0,0.07794905453920364,0.11337129026651382,0.39566218852996826,0.9436990022659302,0.03955266252160072,0.1923907846212387,0.9291792511940002,0.049413856118917465,0.07539387792348862,122,69,none,raw,609,179,191,2.008579969406128,0.0007032331777736545,0.000696588889695704,0.00013415740977507085,30,30,26,0.2694192535575779,0.224725973672707,64,64,1,3.1
hard_1mm_r1,16,9,cycle,0,0.09340108186006546,0.13976186513900757,0.39566218852996826,0.9144367575645447,0.051648445427417755,0.1923907846212387,0.8940032124519348,0.06993501633405685,0.09571559727191925,122,69,none,raw,609,179,191,2.008579969406128,0.0011107379104942083,0.0008521898998878896,0.00015884512686170638,30,30,29,0.288021430593406,0.2532015645970179,64,64,1,3.6
hard_1mm_r1,8,5,cycle,0,0.10542898625135422,0.1460229456424713,0.39566218852996826,0.9065989255905151,0.0607500858604908,0.1923907846212387,0.8457933664321899,0.08054011315107346,0.09666190296411514,122,69,none,raw,609,179,191,2.008579969406128,0.0009242906235158443,0.001348778954707086,0.00013624451821669936,30,30,28,0.27714032296868185,0.27777777836975437,64,64,1,3.6
hard_1mm_r2,1920,1080,cycle,0,0.10326425731182098,0.16942204535007477,0.44984352588653564,0.8772873282432556,0.07171620428562164,0.1854095458984375,0.7706605195999146,0.11151594668626785,0.06206619367003441,72,66,none,raw,662,154,138,2.0088400840759277,0.0015928181819617748,0.0016900261398404837,0.000145318714203313,30,30,20,0.3507220937766337,0.3132258208541127,64,4,16,247.3
hard_1mm_r2,1280,720,cycle,0,0.10313670337200165,0.16475577652454376,0.44984352588653564,0.883953869342804,0.05760395526885986,0.1854095458984375,0.8707753419876099,0.08183973282575607,0.06260684877634048,72,66,none,raw,662,154,138,2.0088400840759277,0.0013351558009162545,0.0007759613217785954,0.00016283376317005605,30,30,26,0.20253516089880214,0.29058872105239275,64,11,6,110.2
hard_1mm_r2,854,480,cycle,0,0.10434949398040771,0.15125665068626404,0.44984352588653564,0.9021911025047302,0.05659610033035278,0.1854095458984375,0.8741335272789001,0.08110548555850983,0.06853651255369186,72,66,none,raw,662,154,138,2.0088400840759277,0.0011133672669529915,0.0007125434349291027,0.00014303438365459442,30,30,30,0.20884671095995025,0.2831202575138637,64,24,3,51.1
hard_1mm_r2,640,360,cycle,0,0.11379368603229523,0.1662299633026123,0.44984352588653564,0.8818678855895996,0.05172910541296005,0.1854095458984375,0.8848001956939697,0.0777280181646347,0.08617396652698517,72,66,none,raw,662,154,138,2.0088400840759277,0.0011019674129784107,0.0011877077631652355,0.00019704436999745667,30,30,20,0.2568116144831447,0.2943447038724825,64,44,1,28.5
hard_1mm_r2,426,240,cycle,0,0.104312464594841,0.15165391564369202,0.44984352588653564,0.9016766548156738,0.04937709867954254,0.1854095458984375,0.9001863598823547,0.0728350579738617,0.06991387903690338,72,66,none,raw,662,154,138,2.0088400840759277,0.0016343711176887155,0.0006819593254476786,0.00017836190818343312,30,30,27,0.18607000822026923,0.2873281937140923,64,64,1,14.3
hard_1mm_r2,320,180,cycle,0,0.10344980657100677,0.14206524193286896,0.44984352588653564,0.9137170314788818,0.06188757345080376,0.1854095458984375,0.8657028675079346,0.08091481029987335,0.07622820138931274,72,66,none,raw,662,154,138,2.0088400840759277,0.001201294711790979,0.0007370336097665131,0.00014830769214313477,30,30,27,0.19118410655018786,0.2950772310232187,64,64,1,8.7
hard_1mm_r2,160,90,cycle,0,0.10441112518310547,0.15504339337348938,0.44984352588653564,0.8972324728965759,0.04380425065755844,0.1854095458984375,0.9063280820846558,0.06610790640115738,0.06288092583417892,72,66,none,raw,662,154,138,2.0088400840759277,0.0010302913142368197,0.0006669398280791938,0.0001901275390991941,30,30,29,0.15817915636967317,0.2908352938565341,64,64,1,3.7
hard_1mm_r2,80,45,cycle,0,0.13943281769752502,0.18335506319999695,0.44984352588653564,0.8562740087509155,0.041918396949768066,0.1854095458984375,0.9109443426132202,0.06744738668203354,0.10290535539388657,72,66,none,raw,662,154,138,2.0088400840759277,0.0009588347747921944,0.0006363436114042997,0.00016578278155066073,30,30,29,0.23411159212855773,0.2790170892492517,64,64,1,2.9
hard_1mm_r2,48,27,cycle,0,0.0922718495130539,0.14944960176944733,0.44984352588653564,0.9045141339302063,0.04845128208398819,0.1854095458984375,0.8743234872817993,0.07936252653598785,0.055477749556303024,72,66,none,raw,662,154,138,2.0088400840759277,0.0011533750221133232,0.0006292287143878639,0.0001620466646272689,30,30,30,0.28125027155227894,0.2439756083798099,64,64,1,2.8
hard_1mm_r2,32,18,cycle,0,0.09933339059352875,0.15137851238250732,0.44984352588653564,0.9020334482192993,0.046755481511354446,0.1854095458984375,0.8815469741821289,0.07297530770301819,0.06286489963531494,72,66,none,raw,662,154,138,2.0088400840759277,0.0010520215146243572,0.0008744939113967121,0.00015697753406129777,30,30,29,0.31326070725017446,0.2978857585362026,64,64,1,3.2
hard_1mm_r2,16,9,cycle,0,0.11826280504465103,0.16824333369731903,0.44984352588653564,0.8789888620376587,0.05649278685450554,0.1854095458984375,0.8490523099899292,0.09562680125236511,0.08206439763307571,72,66,none,raw,662,154,138,2.0088400840759277,0.0011710651451721787,0.0009088872466236353,0.00016591994790360332,30,30,25,0.3289428736868222,0.30065580467125036,64,64,1,3.6
hard_1mm_r2,8,5,cycle,0,0.18618273735046387,0.2661830186843872,0.44984352588653564,0.6970924139022827,0.0884854644536972,0.1854095458984375,0.5022632479667664,0.14618290960788727,0.13648228347301483,72,66,none,raw,662,154,138,2.0088400840759277,0.001698837149888277,0.0012299204245209694,0.0001439620682504028,30,30,29,0.3499020377674852,0.3438589046527813,64,64,1,3.7
hard_2mm_r1,1920,1080,cycle,0,0.055182166397571564,0.07126167416572571,0.28886231780052185,0.9605714082717896,0.032703761011362076,0.17634694278240204,0.9525405764579773,0.03360825031995773,0.06283554434776306,111,69,none,raw,622,177,180,1.8194899559020996,0.0006014317041262984,0.0009469115175306797,0.00019578164210543036,30,30,27,0.2104397832964011,0.21837615461672766,64,4,16,236.0
hard_2mm_r1,1280,720,cycle,0,0.06619555503129959,0.08229070156812668,0.28886231780052185,0.9474223852157593,0.039005398750305176,0.17634694278240204,0.9337587356567383,0.03541767969727516,0.06778201460838318,111,69,none,raw,622,177,180,1.8194899559020996,0.0009290617308579385,0.000717856630217284,0.000210292506380938,30,30,29,0.1977131751955897,0.24482435291096316,64,11,6,105.2
hard_2mm_r1,854,480,cycle,0,0.05373350903391838,0.06841686367988586,0.28886231780052185,0.9636566042900085,0.0278956089168787,0.17634694278240204,0.962084949016571,0.03209381923079491,0.0648036077618599,111,69,none,raw,622,177,180,1.8194899559020996,0.0007574515184387565,0.0006376454257406294,0.0002467063022777438,30,30,29,0.1842406715994096,0.21030310722394177,64,24,3,49.1
hard_2mm_r1,640,360,cycle,0,0.0523257851600647,0.06989575922489166,0.28886231780052185,0.9620684385299683,0.030827084556221962,0.17634694278240204,0.9620046615600586,0.039098408073186874,0.059176791459321976,111,69,none,raw,622,177,180,1.8194899559020996,0.0005631292588077486,0.0005384946125559509,0.00022772092779632658,30,30,29,0.18624138142134983,0.20143281605284094,64,44,1,27.6
hard_2mm_r1,426,240,cycle,0,0.047192107886075974,0.06636376678943634,0.28886231780052185,0.9658051133155823,0.022748857736587524,0.17634694278240204,0.9770482778549194,0.027773946523666382,0.0639227107167244,111,69,none,raw,622,177,180,1.8194899559020996,0.000957840122282505,0.0004487004189286381,0.00020137688261456788,30,30,29,0.15822284244647747,0.186901722924184,64,64,1,13.8
hard_2mm_r1,320,180,cycle,0,0.04951448366045952,0.06479187309741974,0.28886231780052185,0.9674057960510254,0.037366628646850586,0.17634694278240204,0.9489452838897705,0.04916679114103317,0.06677243858575821,111,69,none,raw,622,177,180,1.8194899559020996,0.0005002785474061966,0.0005115052335895598,0.00025632229517214,30,30,29,0.19156824507513998,0.20571057271149198,64,64,1,8.5
hard_2mm_r1,160,90,cycle,0,0.04637179523706436,0.06317933648824692,0.28886231780052185,0.9690080285072327,0.020146435126662254,0.17634694278240204,0.9816442728042603,0.02186807431280613,0.0662059634923935,111,69,none,raw,622,177,180,1.8194899559020996,0.0007146453717723489,0.0007690128404647112,0.00026814613374881446,30,30,30,0.16131120172727528,0.2121556061135847,64,64,1,3.6
hard_2mm_r1,80,45,cycle,0,0.05533164367079735,0.07033418864011765,0.28886231780052185,0.9615910649299622,0.031079674139618874,0.17634694278240204,0.9665612578392029,0.030803009867668152,0.07066202908754349,111,69,none,raw,622,177,180,1.8194899559020996,0.0005116462125442922,0.001141478423960507,0.00023446138948202133,30,30,30,0.19466203891962672,0.21507044969978978,64,64,1,2.8
hard_2mm_r1,48,27,cycle,0,0.051698166877031326,0.06774917989969254,0.28886231780052185,0.9643625020980835,0.022913187742233276,0.17634694278240204,0.9759671092033386,0.029758892953395844,0.07371772825717926,111,69,none,raw,622,177,180,1.8194899559020996,0.0005660887691192329,0.00046265096170827746,0.00019272908684797585,30,30,26,0.22132165792287353,0.17447091226523878,64,64,1,2.6
hard_2mm_r1,32,18,cycle,0,0.06475101411342621,0.08217961341142654,0.28886231780052185,0.9475642442703247,0.032194238156080246,0.17634694278240204,0.9638770818710327,0.037732914090156555,0.06243886053562164,111,69,none,raw,622,177,180,1.8194899559020996,0.0007457282044924796,0.0007063083467073739,0.00019514182349666953,30,30,24,0.27869040253078053,0.20854017828817423,64,64,1,3.0
hard_2mm_r1,16,9,cycle,0,0.05641530454158783,0.07540079206228256,0.28886231780052185,0.9558581113815308,0.04195013642311096,0.17634694278240204,0.9192601442337036,0.04356269910931587,0.07819825410842896,111,69,none,raw,622,177,180,1.8194899559020996,0.0009173005819320679,0.0007798434817232192,0.00022195196652319282,30,30,29,0.3064347892712167,0.23285872249279993,64,64,1,3.5
hard_2mm_r1,8,5,cycle,0,0.08913013339042664,0.11349479854106903,0.28886231780052185,0.8999882340431213,0.05352100729942322,0.17634694278240204,0.8620260953903198,0.07216574996709824,0.10050433874130249,111,69,none,raw,622,177,180,1.8194899559020996,0.0009330226457677782,0.0011024739360436797,0.0002685277722775936,30,30,30,0.2767249732922128,0.28030383654233426,64,64,1,3.6
hard_2mm_r2,1920,1080,cycle,0,0.0823795348405838,0.10621809214353561,0.2640175223350525,0.9138696193695068,0.058260053396224976,0.1811455637216568,0.8692200779914856,0.06949692219495773,0.0761650949716568,92,78,none,raw,697,127,170,1.791719913482666,0.0011911741457879543,0.001017553498968482,0.0002549992932472378,30,30,30,0.17614868313202386,0.36363263252213246,64,4,16,257.9
hard_2mm_r2,1280,720,cycle,0,0.07425790280103683,0.09671977907419205,0.2640175223350525,0.9285849332809448,0.04458434507250786,0.1811455637216568,0.9161561727523804,0.05442655086517334,0.06880296021699905,92,78,none,raw,697,127,170,1.791719913482666,0.0009808079339563847,0.0008875419152900577,0.00021066296903882176,30,30,28,0.18625873216084463,0.3266018431956374,64,11,6,114.3
hard_2mm_r2,854,480,cycle,0,0.07339300960302353,0.08900584280490875,0.2640175223350525,0.9395221471786499,0.04935604706406593,0.1811455637216568,0.898187518119812,0.06511086225509644,0.07497072219848633,92,78,none,raw,697,127,170,1.791719913482666,0.0009579675970599055,0.001058661611750722,0.00021602243941742927,30,30,29,0.17454377753149658,0.32214901766439125,64,24,3,53.5
hard_2mm_r2,640,360,cycle,0,0.06634894758462906,0.08355841040611267,0.2640175223350525,0.9466984868049622,0.036996934562921524,0.1811455637216568,0.9327389597892761,0.05181330814957619,0.06821418553590775,92,78,none,raw,697,127,170,1.791719913482666,0.0009547783411107957,0.0006763596902601421,0.00022169610019773245,30,30,29,0.1634778271788675,0.3064056756928211,64,44,1,30.0
hard_2mm_r2,426,240,cycle,0,0.06402160227298737,0.08330028504133224,0.2640175223350525,0.947027325630188,0.05115995928645134,0.1811455637216568,0.9047991633415222,0.05715031549334526,0.06653381884098053,92,78,none,raw,697,127,170,1.791719913482666,0.0010951148578897119,0.0009449011995457113,0.00018068357894662768,30,30,15,0.21791833579283704,0.31739674966166337,64,64,1,14.8
hard_2mm_r2,320,180,cycle,0,0.06847691535949707,0.08753526955842972,0.2640175223350525,0.9415041208267212,0.04622119292616844,0.1811455637216568,0.9201240539550781,0.04713587835431099,0.07128077000379562,92,78,none,raw,697,127,170,1.791719913482666,0.0010494133457541466,0.0007235883385874331,0.00020273371774237603,30,30,17,0.27525525660904787,0.3123392420490896,64,64,1,9.0
hard_2mm_r2,160,90,cycle,0,0.07160300016403198,0.09142561256885529,0.2640175223350525,0.9361890554428101,0.03560977056622505,0.1811455637216568,0.9412159323692322,0.04674062877893448,0.0781683400273323,92,78,none,raw,697,127,170,1.791719913482666,0.001114244805648923,0.0006767352460883558,0.00022696041560266167,30,30,27,0.18868871467185327,0.3104550669512411,64,64,1,3.7
hard_2mm_r2,80,45,cycle,0,0.06849423795938492,0.08885179460048676,0.2640175223350525,0.9397313594818115,0.038583412766456604,0.1811455637216568,0.9255183935165405,0.0555318184196949,0.06542564183473587,92,78,none,raw,697,127,170,1.791719913482666,0.0009340433753095567,0.000694102724082768,0.0002113573282258585,30,30,27,0.2612075135218704,0.2996969448299859,64,64,1,2.9
hard_2mm_r2,48,27,cycle,0,0.06667758524417877,0.08655664324760437,0.2640175223350525,0.942804753780365,0.039104048162698746,0.1811455637216568,0.905518651008606,0.05624258890748024,0.07576034963130951,92,78,none,raw,697,127,170,1.791719913482666,0.0009560520411469042,0.0006216937908902764,0.00022903001809027046,30,30,30,0.2826476815441247,0.31216971329816684,64,64,1,2.8
hard_2mm_r2,32,18,cycle,0,0.07060045003890991,0.09190219640731812,0.2640175223350525,0.9355220794677734,0.044072963297367096,0.1811455637216568,0.9077420830726624,0.06558066606521606,0.0788465365767479,92,78,none,raw,697,127,170,1.791719913482666,0.0009237269987352192,0.0008470147149637341,0.00022149881988298148,30,30,28,0.3215790793748634,0.3208934002973902,64,64,1,3.2
hard_2mm_r2,16,9,cycle,0,0.0831819549202919,0.11052344739437103,0.2640175223350525,0.9067459106445312,0.04978201165795326,0.1811455637216568,0.8853058815002441,0.06420034170150757,0.07690316438674927,92,78,none,raw,697,127,170,1.791719913482666,0.0011317443568259478,0.0008231065585277975,0.00023884084657765925,30,30,29,0.30848569883677673,0.3421784949114942,64,64,1,3.6
hard_2mm_r2,8,5,cycle,0,0.1124097928404808,0.1417008936405182,0.2640175223350525,0.8467133045196533,0.08122316002845764,0.1811455637216568,0.7140461206436157,0.11723356693983078,0.11320654302835464,92,78,none,raw,697,127,170,1.791719913482666,0.0012506290804594755,0.001583458622917533,0.00023354447330348194,30,30,27,0.34077389305257044,0.36653958718607743,64,64,1,3.8
hard_3mm_r1,1920,1080,cycle,0,0.056905414909124374,0.07486412674188614,0.41078755259513855,0.9734456539154053,0.09085160493850708,0.18565036356449127,0.6535521745681763,0.1319248080253601,0.07196485996246338,70,71,none,raw,681,163,141,1.8813400268554688,0.0010749775683507323,0.001658123917877674,0.000265168899204582,30,30,30,0.31543801652702463,0.339775603973061,64,4,16,254.4
hard_3mm_r1,1280,720,cycle,0,0.0484749861061573,0.06385249644517899,0.41078755259513855,0.9806827902793884,0.04109824448823929,0.18565036356449127,0.9442806243896484,0.04119257256388664,0.05756344646215439,70,71,none,raw,681,163,141,1.8813400268554688,0.0010749076027423143,0.0008467714069411159,0.00022456480655819178,30,30,30,0.183783010239118,0.26683144554770066,64,11,6,113.5
hard_3mm_r1,854,480,cycle,0,0.06119659170508385,0.07853253185749054,0.41078755259513855,0.9707794785499573,0.03308967873454094,0.18565036356449127,0.9594628810882568,0.03975215554237366,0.08029616624116898,70,71,none,raw,681,163,141,1.8813400268554688,0.0009454290266148746,0.0012728292495012283,0.00021753889450337738,30,30,30,0.15504843583015968,0.2553661147509616,64,24,3,52.7
hard_3mm_r1,640,360,cycle,0,0.08716234564781189,0.10733278095722198,0.41078755259513855,0.9454175233840942,0.046813592314720154,0.18565036356449127,0.9337193965911865,0.05044578015804291,0.11706817150115967,70,71,none,raw,681,163,141,1.8813400268554688,0.0008264739881269634,0.000820338842459023,0.0002226795768365264,30,30,30,0.1533468497832266,0.26617314040295187,64,44,1,29.4
hard_3mm_r1,426,240,cycle,0,0.06220733001828194,0.08102462440729141,0.41078755259513855,0.9688955545425415,0.03517775982618332,0.18565036356449127,0.959071159362793,0.03943914175033569,0.061044029891490936,70,71,none,raw,681,163,141,1.8813400268554688,0.0008229281520470977,0.0008904531132429838,0.0002412966132396832,30,30,30,0.12487377609275337,0.2580418908522904,64,64,1,14.7
hard_3mm_r1,320,180,cycle,0,0.06260405480861664,0.08342453092336655,0.41078755259513855,0.9670256972312927,0.0396086685359478,0.18565036356449127,0.9496145248413086,0.044838447123765945,0.08280855417251587,70,71,none,raw,681,163,141,1.8813400268554688,0.0008051234763115644,0.0009355132933706045,0.00023752350534778088,30,30,29,0.14240020592307204,0.2590715607251126,64,64,1,8.9
hard_3mm_r1,160,90,cycle,0,0.07491154223680496,0.09919814020395279,0.41078755259513855,0.9533774852752686,0.04438783600926399,0.18565036356449127,0.9368681907653809,0.04272983595728874,0.10438647121191025,70,71,none,raw,681,163,141,1.8813400268554688,0.0008522070129401982,0.0007499100174754858,0.0002538181433919817,30,30,29,0.15532574464571108,0.2733439112002133,64,64,1,3.7
hard_3mm_r1,80,45,cycle,0,0.04953869432210922,0.06695907562971115,0.41078755259513855,0.9787574410438538,0.030039949342608452,0.18565036356449127,0.9701855778694153,0.03321915864944458,0.06382075697183609,70,71,none,raw,681,163,141,1.8813400268554688,0.0009356375667266548,0.0006325103458948433,0.0002620910236146301,30,30,25,0.27520839758381443,0.2428973262295401,64,64,1,2.8
hard_3mm_r1,48,27,cycle,0,0.060684047639369965,0.08031100779771805,0.41078755259513855,0.9694410562515259,0.028868164867162704,0.18565036356449127,0.9697672724723816,0.03810427710413933,0.07465990632772446,70,71,none,raw,681,163,141,1.8813400268554688,0.0006738078664056957,0.0006148388492874801,0.0002688755339477211,30,30,30,0.21784167492792295,0.25064532742178514,64,64,1,2.8
hard_3mm_r1,32,18,cycle,0,0.08966557681560516,0.10618355870246887,0.41078755259513855,0.9465801119804382,0.03265088051557541,0.18565036356449127,0.9627161026000977,0.04303067922592163,0.0739530399441719,70,71,none,raw,681,163,141,1.8813400268554688,0.0009632263681851327,0.0007420637411996722,0.00024111590755637735,30,30,29,0.26245815848463955,0.2758613773650187,64,64,1,3.2
hard_3mm_r1,16,9,cycle,0,0.07744220644235611,0.10398595780134201,0.41078755259513855,0.9487683773040771,0.049029529094696045,0.18565036356449127,0.9017518758773804,0.07164274156093597,0.10586180537939072,70,71,none,raw,681,163,141,1.8813400268554688,0.001112733269110322,0.0007989900186657906,0.00021516425476875156,30,30,28,0.2948124545261198,0.25377578384305804,64,64,1,3.7
hard_3mm_r1,8,5,cycle,0,0.11165395379066467,0.1314523071050644,0.41078755259513855,0.9181299805641174,0.0666477382183075,0.18565036356449127,0.7702366709709167,0.07948445528745651,0.11549057811498642,70,71,none,raw,681,163,141,1.8813400268554688,0.0021352514158934355,0.001196244265884161,0.00021240772912278771,30,30,30,0.28027043363596377,0.3109884086562081,64,64,1,3.7
hard_3mm_r2,1920,1080,cycle,0,0.05341789871454239,0.06748496741056442,0.3011753261089325,0.9663287401199341,0.037893179804086685,0.1729535311460495,0.9432958364486694,0.04668091610074043,0.07171635329723358,87,66,none,raw,664,169,153,1.977009892463684,0.0009806796442717314,0.0007063984521664679,0.00010657357779564336,30,30,30,0.14194996302655663,0.2321717086628344,64,4,16,249.0
hard_3mm_r2,1280,720,cycle,0,0.07398635894060135,0.08802499622106552,0.3011753261089325,0.9427129030227661,0.04569331184029579,0.1729535311460495,0.9232109785079956,0.060128722339868546,0.06489425897598267,87,66,none,raw,664,169,153,1.977009892463684,0.0008029768359847367,0.0006072084652259946,0.00010595481580821797,30,30,26,0.24383562893034463,0.25103309732922435,64,11,6,111.4
hard_3mm_r2,854,480,cycle,0,0.04998673498630524,0.06257781386375427,0.3011753261089325,0.9710475206375122,0.04355817660689354,0.1729535311460495,0.9328712224960327,0.03960352763533592,0.06297831237316132,87,66,none,raw,664,169,153,1.977009892463684,0.0010208531748503447,0.0005801367224194109,0.00010129334987141192,30,30,30,0.17300622721752487,0.2463293468811103,64,24,3,51.6
hard_3mm_r2,640,360,cycle,0,0.050224218517541885,0.06378594785928726,0.3011753261089325,0.9699187874794006,0.034477826207876205,0.1729535311460495,0.9531970024108887,0.031960900872945786,0.06546712666749954,87,66,none,raw,664,169,153,1.977009892463684,0.0009477399289608002,0.0005697518936358392,0.00010994150943588465,30,30,23,0.23943668927054806,0.21925423977643074,64,44,1,29.2
hard_3mm_r2,426,240,cycle,0,0.07077061384916306,0.08538389205932617,0.3011753261089325,0.9460989832878113,0.03096555545926094,0.1729535311460495,0.9618120789527893,0.03101520985364914,0.0712461993098259,87,66,none,raw,664,169,153,1.977009892463684,0.0007153393817134202,0.0004930093418806791,0.00011346821702318266,30,30,28,0.18976364186011166,0.22849795663145167,64,64,1,14.6
hard_3mm_r2,320,180,cycle,0,0.05401381477713585,0.06633596122264862,0.3011753261089325,0.9674655795097351,0.024530138820409775,0.1729535311460495,0.9742218852043152,0.031202280893921852,0.0686587318778038,87,66,none,raw,664,169,153,1.977009892463684,0.000621737795881927,0.0005983988521620631,0.00012033765960950404,30,30,25,0.18440773113664374,0.22508941740679317,64,64,1,8.9
hard_3mm_r2,160,90,cycle,0,0.04909411445260048,0.06692605465650558,0.3011753261089325,0.966884195804596,0.030280262231826782,0.1729535311460495,0.9675220847129822,0.028909096494317055,0.06819034367799759,87,66,none,raw,664,169,153,1.977009892463684,0.0007407065131701529,0.0004174203786533326,0.0001173026321339421,30,30,28,0.250450625477067,0.22702795513988247,64,64,1,3.7
hard_3mm_r2,80,45,cycle,0,0.04168117791414261,0.05675206705927849,0.3011753261089325,0.9761872887611389,0.024228226393461227,0.1729535311460495,0.978053867816925,0.0245211124420166,0.05846892669796944,87,66,none,raw,664,169,153,1.977009892463684,0.0005350302089937031,0.0005066041485406458,0.00011995194654446095,30,30,28,0.2705008136220725,0.21391763066399028,64,64,1,2.9
hard_3mm_r2,48,27,cycle,0,0.04743501543998718,0.06670483201742172,0.3011753261089325,0.9671027660369873,0.028109878301620483,0.1729535311460495,0.9565523266792297,0.025126470252871513,0.06656444072723389,87,66,none,raw,664,169,153,1.977009892463684,0.0007122501265257597,0.0003296557115390897,0.00010152835602639243,30,30,29,0.22616933627300953,0.18848270213110208,64,64,1,2.8
hard_3mm_r2,32,18,cycle,0,0.06267330795526505,0.07823429256677628,0.3011753261089325,0.9547478556632996,0.030528943985700607,0.1729535311460495,0.9616644978523254,0.03297381103038788,0.07274970412254333,87,66,none,raw,664,169,153,1.977009892463684,0.0006387213943526149,0.0004603209381457418,0.00010492204455658793,30,30,28,0.3357170834598771,0.19399159335525784,64,64,1,3.2
hard_3mm_r2,16,9,cycle,0,0.061000436544418335,0.08163618296384811,0.3011753261089325,0.9507268667221069,0.03013346530497074,0.1729535311460495,0.9624476432800293,0.038433488458395004,0.08984390646219254,87,66,none,raw,664,169,153,1.977009892463684,0.000713528017513454,0.0004890490090474486,0.0001029918494168669,30,30,30,0.27025111612067165,0.2184881515051486,64,64,1,3.7
hard_3mm_r2,8,5,cycle,0,0.07100003212690353,0.09148592501878738,0.3011753261089325,0.9381195306777954,0.05742190405726433,0.1729535311460495,0.8561091423034668,0.06930997967720032,0.09186839312314987,87,66,none,raw,664,169,153,1.977009892463684,0.0010165274143218994,0.0010635873768478632,0.00010734268289525062,30,30,30,0.350056606602956,0.26781030801626354,64,64,1,3.7
medium_1mm_r1,1920,1080,cycle,0,0.06379130482673645,0.08047737181186676,0.26352494955062866,0.946017861366272,0.03068440780043602,0.1784425675868988,0.9606239795684814,0.03621517866849899,0.06378045678138733,58,67,none,raw,667,175,125,1.7051600217819214,0.0006119925528764725,0.0006284848204813898,0.00013536140613723546,30,30,21,0.2060728927870383,0.23100978323391505,64,4,16,250.5
medium_1mm_r1,1280,720,cycle,0,0.05867675319314003,0.07603667676448822,0.26352494955062866,0.951810896396637,0.026413334533572197,0.1784425675868988,0.9742255210876465,0.02860991656780243,0.05469602346420288,58,67,none,raw,667,175,125,1.7051600217819214,0.0005001738318242133,0.0006292739417403936,0.00017148986808024347,30,30,30,0.18418332402673976,0.248658173424857,64,11,6,111.2
medium_1mm_r1,854,480,cycle,0,0.07290779054164886,0.09051596373319626,0.26352494955062866,0.9317106604576111,0.03536900505423546,0.1784425675868988,0.9561106562614441,0.042832110077142715,0.062013015151023865,58,67,none,raw,667,175,125,1.7051600217819214,0.0005174392717890441,0.000530941819306463,0.00013904922525398433,30,30,21,0.2563807510364538,0.2393665613446917,64,24,3,51.6
medium_1mm_r1,640,360,cycle,0,0.05348774790763855,0.06501731276512146,0.26352494955062866,0.9647661447525024,0.022023258730769157,0.1784425675868988,0.9789486527442932,0.03120712749660015,0.057471975684165955,58,67,none,raw,667,175,125,1.7051600217819214,0.0005394628969952464,0.0005277614109218121,0.00014819332864135504,30,30,30,0.12494469403863132,0.22509980882917133,64,44,1,29.0
medium_1mm_r1,426,240,cycle,0,0.0684853196144104,0.08414977788925171,0.26352494955062866,0.9409787654876709,0.0310790054500103,0.1784425675868988,0.9669643640518188,0.03725333511829376,0.07180091738700867,58,67,none,raw,667,175,125,1.7051600217819214,0.001030124956741929,0.0005711395642720163,0.00015232233272399753,30,30,30,0.1305008692362498,0.26779202597481866,64,64,1,14.5
medium_1mm_r1,320,180,cycle,0,0.05705684795975685,0.07147016376256943,0.26352494955062866,0.9574252963066101,0.06141064688563347,0.1784425675868988,0.8882163763046265,0.044690363109111786,0.054873790591955185,58,67,none,raw,667,175,125,1.7051600217819214,0.0006863457965664566,0.0005412937607616186,0.0001651909260544926,30,30,25,0.18337227879971757,0.26822505950927733,64,64,1,8.8
medium_1mm_r1,160,90,cycle,0,0.04825284332036972,0.06255538761615753,0.26352494955062866,0.9673839211463928,0.02632821723818779,0.1784425675868988,0.9727148413658142,0.03152022510766983,0.05090479552745819,58,67,none,raw,667,175,125,1.7051600217819214,0.0007911751163192093,0.0005918825045228004,0.00018604601791594177,30,30,25,0.2170527113609943,0.2670526885986328,64,64,1,3.7
medium_1mm_r1,80,45,cycle,0,0.04900987073779106,0.062319315969944,0.26352494955062866,0.967629611492157,0.04946660250425339,0.1784425675868988,0.9167448878288269,0.05211922898888588,0.05514445900917053,58,67,none,raw,667,175,125,1.7051600217819214,0.000724511279258877,0.0004709533241111785,0.00015839588013477623,30,30,19,0.2942327702420762,0.27707633427211215,64,64,1,2.8
medium_1mm_r1,48,27,cycle,0,0.05041016638278961,0.06338590383529663,0.26352494955062866,0.9665120840072632,0.033543914556503296,0.1784425675868988,0.9431854486465454,0.036034487187862396,0.04694211855530739,58,67,none,raw,667,175,125,1.7051600217819214,0.0007940356736071408,0.0006093085394240916,0.0001831724075600505,30,30,28,0.3026701992955701,0.2559282684326172,64,64,1,2.7
medium_1mm_r1,32,18,cycle,0,0.0512152761220932,0.06649138778448105,0.26352494955062866,0.9631503820419312,0.037401486188173294,0.1784425675868988,0.9526690244674683,0.03826449066400528,0.0562775544822216,58,67,none,raw,667,175,125,1.7051600217819214,0.00046531809493899345,0.0006719856173731387,0.00016513348964508623,30,30,28,0.31525837785300465,0.2563429587227958,64,64,1,3.2
medium_1mm_r1,16,9,cycle,0,0.059346191585063934,0.07661622017621994,0.26352494955062866,0.9510735273361206,0.02638275735080242,0.1784425675868988,0.9671201705932617,0.04023114591836929,0.06506438553333282,58,67,none,raw,667,175,125,1.7051600217819214,0.0005036062211729586,0.0005170935764908791,0.00016846359358169138,30,30,30,0.3501097623376117,0.2543782479422433,64,64,1,3.5
medium_1mm_r1,8,5,cycle,0,0.10427746921777725,0.1307400017976761,0.26352494955062866,0.8575313091278076,0.05401884764432907,0.1784425675868988,0.8750637173652649,0.06313688308000565,0.10514207184314728,58,67,none,raw,667,175,125,1.7051600217819214,0.0007720029097981751,0.0012079259613528848,0.00019906029046978801,30,30,30,0.3351659388735198,0.3655420575823103,64,64,1,3.7
medium_1mm_r2,1920,1080,cycle,0,0.0976237803697586,0.127984419465065,0.38606828451156616,0.9251823425292969,0.06626667082309723,0.2010115087032318,0.8287597894668579,0.10848347097635269,0.07679735869169235,58,61,none,raw,626,131,119,1.941159963607788,0.0013293608790263534,0.001082219765521586,0.00032996662775985897,30,30,28,0.1811113158068337,0.307776064818142,64,4,16,233.3
medium_1mm_r2,1280,720,cycle,0,0.12367352098226547,0.16028273105621338,0.38606828451156616,0.8826553225517273,0.06140397489070892,0.2010115087032318,0.8492821455001831,0.10659799724817276,0.08018046617507935,58,61,none,raw,626,131,119,1.941159963607788,0.0012457218253985047,0.0010507147526368499,0.00033552272361703217,30,30,30,0.1460516054790241,0.2866250413064738,64,11,6,103.4
medium_1mm_r2,854,480,cycle,0,0.09143291413784027,0.12467458844184875,0.38606828451156616,0.929002046585083,0.05715532973408699,0.2010115087032318,0.8633084893226624,0.09775228798389435,0.06110869720578194,58,61,none,raw,626,131,119,1.941159963607788,0.0012235871981829405,0.0009268077556043863,0.00033964624162763357,30,30,28,0.1491440724069699,0.29136744346327453,64,24,3,48.1
medium_1mm_r2,640,360,cycle,0,0.09283987432718277,0.11749496310949326,0.38606828451156616,0.9369437098503113,0.07467780262231827,0.2010115087032318,0.7986717820167542,0.12320398539304733,0.06918195635080338,58,61,none,raw,626,131,119,1.941159963607788,0.0015387233579531312,0.0010030880803242326,0.0003289398446213454,30,30,21,0.2627733827779849,0.30725276015187036,64,44,1,27.2
medium_1mm_r2,426,240,cycle,0,0.08988539129495621,0.12115965038537979,0.38606828451156616,0.932948887348175,0.058744385838508606,0.2010115087032318,0.8663352131843567,0.09466931968927383,0.06256807595491409,58,61,none,raw,626,131,119,1.941159963607788,0.0016478580655530095,0.0008143475279211998,0.00036043371073901653,30,30,30,0.1432838211425196,0.31054079487123565,64,64,1,13.6
medium_1mm_r2,320,180,cycle,0,0.0899212434887886,0.11719570308923721,0.38606828451156616,0.9372645020484924,0.05343011021614075,0.2010115087032318,0.8874212503433228,0.09039188176393509,0.07370681315660477,58,61,none,raw,626,131,119,1.941159963607788,0.0012662712251767516,0.0008748425170779228,0.0003513927513267845,30,30,30,0.16036277000134747,0.2879337986916986,64,64,1,8.3
medium_1mm_r2,160,90,cycle,0,0.08607650548219681,0.11298902332782745,0.38606828451156616,0.9416874051094055,0.05910612270236015,0.2010115087032318,0.8710308074951172,0.09064186364412308,0.05563900247216225,58,61,none,raw,626,131,119,1.941159963607788,0.0012976194266229868,0.0009509737719781697,0.00036529198405332863,30,30,25,0.27556585275327056,0.2975656485739555,64,64,1,3.4
medium_1mm_r2,80,45,cycle,0,0.10422582179307938,0.1353599578142166,0.38606828451156616,0.9163106083869934,0.05060669407248497,0.2010115087032318,0.883894681930542,0.08899001777172089,0.07237053662538528,58,61,none,raw,626,131,119,1.941159963607788,0.0011593243107199669,0.000871584692504257,0.00035394192673265934,30,30,24,0.28262878759219623,0.2906600200492917,64,64,1,2.6
medium_1mm_r2,48,27,cycle,0,0.0858958438038826,0.12043505162000656,0.38606828451156616,0.9337484836578369,0.05348164960741997,0.2010115087032318,0.8670130372047424,0.09076041728258133,0.05745534598827362,58,61,none,raw,626,131,119,1.941159963607788,0.0011345912935212255,0.0007795538986101747,0.00036161369644105434,30,30,29,0.2509466299233726,0.28340655747260757,64,64,1,2.6
medium_1mm_r2,32,18,cycle,0,0.10018664598464966,0.1328759491443634,0.38606828451156616,0.9193540215492249,0.0548085980117321,0.2010115087032318,0.8620165586471558,0.0910419374704361,0.0734219178557396,58,61,none,raw,626,131,119,1.941159963607788,0.0011765554081648588,0.0009263970423489809,0.0003380207344889641,30,30,23,0.27947185138543956,0.27205829674961,64,64,1,2.9
medium_1mm_r2,16,9,cycle,0,0.10837151110172272,0.13724268972873688,0.38606828451156616,0.9139663577079773,0.0665949210524559,0.2010115087032318,0.8215208649635315,0.12022867053747177,0.09116192907094955,58,61,none,raw,626,131,119,1.941159963607788,0.0015048362547531724,0.0009440722642466426,0.00033799337688833475,30,30,30,0.30968314466385033,0.29960826517061423,64,64,1,3.3
medium_1mm_r2,8,5,cycle,0,0.14744414389133453,0.20883171260356903,0.38606828451156616,0.8008029460906982,0.08103519678115845,0.2010115087032318,0.7333340644836426,0.14103421568870544,0.09507919102907181,58,61,none,raw,626,131,119,1.941159963607788,0.0015361023833975196,0.0011427236022427678,0.0003475261328276247,30,30,30,0.3045623508124306,0.3380876042460667,64,64,1,3.4
medium_2mm_r1,1920,1080,cycle,0,0.05822434276342392,0.074309341609478,0.28343379497528076,0.962151825428009,0.05758568271994591,0.17234082520008087,0.8572483658790588,0.07034757733345032,0.06502168625593185,90,73,none,raw,680,149,163,1.889739990234375,0.0009931945241987705,0.0011883809929713607,0.0002264447248307988,30,30,19,0.26670742972808725,0.28879973332353887,64,4,16,251.9
medium_2mm_r1,1280,720,cycle,0,0.06237934157252312,0.07794373482465744,0.28343379497528076,0.9583590626716614,0.042846426367759705,0.17234082520008087,0.9287402629852295,0.0509377121925354,0.061857741326093674,90,73,none,raw,680,149,163,1.889739990234375,0.000992568675428629,0.0009791102493181825,0.00021690530411433429,30,30,23,0.23401148336775163,0.26632774596246295,64,11,6,112.5
medium_2mm_r1,854,480,cycle,0,0.06952527165412903,0.08826633542776108,0.28343379497528076,0.9465991258621216,0.05027173459529877,0.17234082520008087,0.90911865234375,0.052677471190690994,0.09653554856777191,90,73,none,raw,680,149,163,1.889739990234375,0.0009625193779356778,0.0008676963625475764,0.0001950264850165695,30,30,22,0.2357428980224273,0.2621886002137357,64,24,3,52.8
medium_2mm_r1,640,360,cycle,0,0.05245048552751541,0.06540707498788834,0.28343379497528076,0.9706770777702332,0.040454622358083725,0.17234082520008087,0.9331589341163635,0.050280530005693436,0.054194435477256775,90,73,none,raw,680,149,163,1.889739990234375,0.0006940629100427032,0.0007297336123883724,0.0002399910445092246,30,30,28,0.19597051985123579,0.2693433921609149,64,44,1,29.6
medium_2mm_r1,426,240,cycle,0,0.06812693923711777,0.08248467743396759,0.28343379497528076,0.9533658027648926,0.029389269649982452,0.17234082520008087,0.9637093544006348,0.03723311424255371,0.06150003895163536,90,73,none,raw,680,149,163,1.889739990234375,0.0009098605369217694,0.0006523350020870566,0.00021821900736540556,30,30,27,0.16185947831939249,0.26281836848931023,64,64,1,14.7
medium_2mm_r1,320,180,cycle,0,0.05475706607103348,0.06915797293186188,0.28343379497528076,0.9672174453735352,0.027876684442162514,0.17234082520008087,0.9660573601722717,0.03582337871193886,0.05848390609025955,90,73,none,raw,680,149,163,1.889739990234375,0.0007438509492203593,0.0006513201515190303,0.00021232161088846624,30,30,28,0.17199560053208296,0.24627868921164697,64,64,1,9.1
medium_2mm_r1,160,90,cycle,0,0.06791374832391739,0.08340853452682495,0.28343379497528076,0.9523153305053711,0.035275232046842575,0.17234082520008087,0.9512653946876526,0.046781063079833984,0.07994384318590164,90,73,none,raw,680,149,163,1.889739990234375,0.0007811232353560627,0.0006826925673522055,0.00019563826208468527,30,30,20,0.28319315910339354,0.254757407527642,64,64,1,3.8
medium_2mm_r1,80,45,cycle,0,0.06660661846399307,0.08237221837043762,0.28343379497528076,0.9534928798675537,0.04382891207933426,0.17234082520008087,0.9268808960914612,0.05046800151467323,0.05825773626565933,90,73,none,raw,680,149,163,1.889739990234375,0.0008288495009765029,0.0007428036769852042,0.0001972558384295553,30,30,13,0.3619987824383904,0.2643748161776754,64,64,1,2.9
medium_2mm_r1,48,27,cycle,0,0.05099349841475487,0.06536366045475006,0.28343379497528076,0.9707159996032715,0.042556073516607285,0.17234082520008087,0.9203150272369385,0.05609489977359772,0.052186064422130585,90,73,none,raw,680,149,163,1.889739990234375,0.000732007494661957,0.0008334618178196251,0.00025052507407963276,30,30,28,0.28179131676169,0.27032513906491684,64,64,1,2.8
medium_2mm_r1,32,18,cycle,0,0.08149944245815277,0.09754706919193268,0.28343379497528076,0.934779167175293,0.03522774577140808,0.17234082520008087,0.9455960392951965,0.046108607202768326,0.07228752970695496,90,73,none,raw,680,149,163,1.889739990234375,0.0007086970144882798,0.0005911606713198125,0.00021924955944996327,30,30,23,0.3148823387482587,0.24791838498723587,64,64,1,3.2
medium_2mm_r1,16,9,cycle,0,0.06796111911535263,0.08972319960594177,0.28343379497528076,0.9448217749595642,0.03809831291437149,0.17234082520008087,0.9232579469680786,0.05585191026329994,0.06258029490709305,90,73,none,raw,680,149,163,1.889739990234375,0.0007478059269487858,0.0008090848568826914,0.0002271061239298433,30,30,29,0.29101449181051814,0.2643320480449088,64,64,1,3.6
medium_2mm_r1,8,5,cycle,0,0.10807864367961884,0.13716988265514374,0.28343379497528076,0.8710339069366455,0.04559217765927315,0.17234082520008087,0.9078888893127441,0.06762062013149261,0.08576487004756927,90,73,none,raw,680,149,163,1.889739990234375,0.0008316654129885137,0.0014386449474841356,0.00022245194122660905,30,30,29,0.3259314480949851,0.3112934803802695,64,64,1,3.8
medium_2mm_r2,1920,1080,cycle,0,0.061739616096019745,0.07507234811782837,0.3181529939174652,0.9637652039527893,0.02894342690706253,0.15967676043510437,0.9546011686325073,0.03406156972050667,0.055913835763931274,66,71,none,raw,687,171,137,1.8836599588394165,0.0006028931238688529,0.0006144954240880907,0.00031088406103663146,30,30,30,0.17303235935158431,0.31244743916026335,64,4,16,259.4
medium_2mm_r2,1280,720,cycle,0,0.060810964554548264,0.07411637157201767,0.3181529939174652,0.9646821618080139,0.03849179297685623,0.15967676043510437,0.9355252981185913,0.03738124296069145,0.060249730944633484,66,71,none,raw,687,171,137,1.8836599588394165,0.0006689717993140221,0.0006123225321061909,0.00021444745652843267,30,30,9,0.35631206844224333,0.2775052988041214,64,11,6,114.7
medium_2mm_r2,854,480,cycle,0,0.04949924722313881,0.06260311603546143,0.3181529939174652,0.9748024940490723,0.029775751754641533,0.15967676043510437,0.9601178765296936,0.03626638650894165,0.05766710266470909,66,71,none,raw,687,171,137,1.8836599588394165,0.0007312809466384351,0.0004921592189930379,0.0002408410218777135,30,30,25,0.17529491947901474,0.2657304374795211,64,24,3,53.5
medium_2mm_r2,640,360,cycle,0,0.05475803092122078,0.067270427942276,0.3181529939174652,0.9709052443504333,0.022823629900813103,0.15967676043510437,0.9768289923667908,0.03125490993261337,0.05397985875606537,66,71,none,raw,687,171,137,1.8836599588394165,0.0005978163098916411,0.0005186061607673764,0.0003066111239604652,30,30,28,0.17160056043399993,0.27404320030881646,64,44,1,30.0
medium_2mm_r2,426,240,cycle,0,0.06580634415149689,0.08670490235090256,0.3181529939174652,0.9516659379005432,0.022982681170105934,0.15967676043510437,0.974767804145813,0.02547539584338665,0.054202090948820114,66,71,none,raw,687,171,137,1.8836599588394165,0.0006128992536105216,0.0006020344444550574,0.000223459632252343,30,30,19,0.18150298008925703,0.24932206583301925,64,64,1,14.9
medium_2mm_r2,320,180,cycle,0,0.05273526534438133,0.06652134656906128,0.3181529939174652,0.9715496301651001,0.0256283488124609,0.15967676043510437,0.9719138145446777,0.027509156614542007,0.06583364307880402,66,71,none,raw,687,171,137,1.8836599588394165,0.0008811177685856819,0.0014613729435950518,0.00021931043011136353,30,30,27,0.17764692431454054,0.2667372129116839,64,64,1,9.1
medium_2mm_r2,160,90,cycle,0,0.05895760655403137,0.07237494736909866,0.3181529939174652,0.9663223028182983,0.03550859913229942,0.15967676043510437,0.9495794177055359,0.03969950973987579,0.046495042741298676,66,71,none,raw,687,171,137,1.8836599588394165,0.0006665194523520768,0.0005607737693935633,0.0002547591575421393,30,30,25,0.20679728467738612,0.24494955274793836,64,64,1,3.7
medium_2mm_r2,80,45,cycle,0,0.0558517687022686,0.06919322162866592,0.3181529939174652,0.9692182540893555,0.021404700353741646,0.15967676043510437,0.979650616645813,0.024472039192914963,0.06848791986703873,66,71,none,raw,687,171,137,1.8836599588394165,0.00046927694347687066,0.0003673315513879061,0.00025131067377515137,30,30,27,0.27017475944419095,0.2405727732251262,64,64,1,2.9
medium_2mm_r2,48,27,cycle,0,0.06701403856277466,0.08285772800445557,0.3181529939174652,0.9558600187301636,0.01923478953540325,0.15967676043510437,0.9791603684425354,0.02841866761445999,0.055890560150146484,66,71,none,raw,687,171,137,1.8836599588394165,0.0003429866337683052,0.0004104615072719753,0.0003213967429473996,30,30,30,0.24578285772554045,0.2717468752498515,64,64,1,2.9
medium_2mm_r2,32,18,cycle,0,0.06956969201564789,0.08457875996828079,0.3181529939174652,0.9540073275566101,0.023026857525110245,0.15967676043510437,0.9723336100578308,0.029737554490566254,0.06277556717395782,66,71,none,raw,687,171,137,1.8836599588394165,0.00046973658027127385,0.0006288224249146879,0.00031324304291047156,30,30,30,0.2982365415259393,0.2782293955485026,64,64,1,3.2
medium_2mm_r2,16,9,cycle,0,0.10763479024171829,0.1248549371957779,0.3181529939174652,0.8997746706008911,0.04333844780921936,0.15967676043510437,0.919710099697113,0.040961798280477524,0.09255480766296387,66,71,none,raw,687,171,137,1.8836599588394165,0.0008575998363085091,0.0007110742735676467,0.00032268237555399537,30,30,29,0.3034294356078213,0.3260025225187603,64,64,1,3.7
medium_2mm_r2,8,5,cycle,0,0.14821374416351318,0.17368322610855103,0.3181529939174652,0.8060535788536072,0.04172110557556152,0.15967676043510437,0.8973835706710815,0.051755789667367935,0.12157593667507172,66,71,none,raw,687,171,137,1.8836599588394165,0.0008482255507260561,0.0008211887907236814,0.00031549856066703796,30,30,28,0.341183663802723,0.3615668670475832,64,64,1,3.7
medium_3mm_r1,1920,1080,cycle,0,0.05242267623543739,0.06660495698451996,0.2809169888496399,0.9441584348678589,0.05042482167482376,0.19434185326099396,0.9030242562294006,0.062493592500686646,0.05990680679678917,126,75,none,raw,611,183,201,1.660520076751709,0.0011142545845359564,0.0009747860603965819,0.0002268194657517597,30,30,30,0.17096418847136333,0.27684575254148475,64,4,16,234.7
medium_3mm_r1,1280,720,cycle,0,0.051868923008441925,0.06652490049600601,0.2809169888496399,0.9442925453186035,0.05131906643509865,0.19434185326099396,0.9166269898414612,0.051694102585315704,0.05126279219985008,126,75,none,raw,611,183,201,1.660520076751709,0.0009311612811870873,0.0009328743908554316,0.0001844682265073061,30,30,29,0.22084676517012075,0.25792236732003465,64,11,6,103.9
medium_3mm_r1,854,480,cycle,0,0.045219216495752335,0.05856582522392273,0.2809169888496399,0.9568248987197876,0.028241388499736786,0.19434185326099396,0.9697515964508057,0.035299960523843765,0.049437932670116425,126,75,none,raw,611,183,201,1.660520076751709,0.0008606765186414123,0.000573097204323858,0.00019747132319025695,30,30,29,0.19077497828026255,0.23212912825287366,64,24,3,48.5
medium_3mm_r1,640,360,cycle,0,0.06452354043722153,0.07789959758520126,0.2809169888496399,0.9236137866973877,0.03698813170194626,0.19434185326099396,0.9455717206001282,0.04986950382590294,0.061220310628414154,126,75,none,raw,611,183,201,1.660520076751709,0.0006463955505751073,0.00048011503531597555,0.00019916053861379623,30,30,19,0.25130311244833486,0.24421450088584357,64,44,1,27.1
medium_3mm_r1,426,240,cycle,0,0.04822023585438728,0.061184246093034744,0.2809169888496399,0.9528779983520508,0.035015370696783066,0.19434185326099396,0.958655595779419,0.042620256543159485,0.052065685391426086,126,75,none,raw,611,183,201,1.660520076751709,0.000820417539216578,0.0006211049621924758,0.00017990458582062274,30,30,22,0.19684273989813222,0.23530464485043384,64,64,1,13.7
medium_3mm_r1,320,180,cycle,0,0.04482751339673996,0.058591995388269424,0.2809169888496399,0.9567863345146179,0.02619650773704052,0.19434185326099396,0.9729981422424316,0.03375654295086861,0.05511731281876564,126,75,none,raw,611,183,201,1.660520076751709,0.0009593498543836176,0.0006834956584498286,0.00015957772848196328,30,30,23,0.204250036792162,0.23857524225620624,64,64,1,8.4
medium_3mm_r1,160,90,cycle,0,0.044490307569503784,0.056241605430841446,0.2809169888496399,0.9601837396621704,0.02582402527332306,0.19434185326099396,0.9737437963485718,0.03323791176080704,0.055075753480196,126,75,none,raw,611,183,201,1.660520076751709,0.0005453389603644609,0.000510457088239491,0.00019279689877294004,30,30,29,0.198577278374455,0.23333683951956327,64,64,1,3.5
medium_3mm_r1,80,45,cycle,0,0.06360717117786407,0.07832816988229752,0.2809169888496399,0.9227709770202637,0.039073724299669266,0.19434185326099396,0.9565931558609009,0.03495458513498306,0.05212816968560219,126,75,none,raw,611,183,201,1.660520076751709,0.0008255162974819541,0.0005881917313672602,0.00019307727052364498,30,30,29,0.23155200852114713,0.23775238287253458,64,64,1,2.7
medium_3mm_r1,48,27,cycle,0,0.0403442420065403,0.055887844413518906,0.2809169888496399,0.9606831073760986,0.036400772631168365,0.19434185326099396,0.9532384276390076,0.04813334345817566,0.05113539844751358,126,75,none,raw,611,183,201,1.660520076751709,0.0007577685173600912,0.0007541620288975537,0.00021230550191830844,30,30,24,0.2691231039268881,0.22183582430980245,64,64,1,2.7
medium_3mm_r1,32,18,cycle,0,0.052183568477630615,0.06563960015773773,0.2809169888496399,0.9457653760910034,0.029658034443855286,0.19434185326099396,0.9639056324958801,0.04056904464960098,0.052218493074178696,126,75,none,raw,611,183,201,1.660520076751709,0.0006747955922037363,0.0005225492059253156,0.00019335230172146112,30,30,26,0.2747650006008616,0.21611794747941482,64,64,1,3.1
medium_3mm_r1,16,9,cycle,0,0.06107670068740845,0.08557382971048355,0.2809169888496399,0.9078221321105957,0.03963451460003853,0.19434185326099396,0.9348440766334534,0.05458299443125725,0.05743613466620445,126,75,none,raw,611,183,201,1.660520076751709,0.0008934731013141572,0.0006306266877800226,0.0001943296956596896,30,30,26,0.2957175016012988,0.23855985839510224,64,64,1,3.5
medium_3mm_r1,8,5,cycle,0,0.08088909834623337,0.09877253323793411,0.2809169888496399,0.8771947026252747,0.06533274799585342,0.19434185326099396,0.8577347993850708,0.07537257671356201,0.07196780294179916,126,75,none,raw,611,183,201,1.660520076751709,0.0011862525716423988,0.0010982142994180322,0.0002222575421910733,30,30,30,0.29874971767494213,0.3176513213277515,64,64,1,3.5
medium_3mm_r2,1920,1080,cycle,0,0.05723298341035843,0.07384348660707474,0.3212723135948181,0.9562147855758667,0.1126331016421318,0.17729803919792175,0.4372085928916931,0.14717862010002136,0.06300442665815353,153,72,none,raw,569,183,225,1.9918200969696045,0.0014270821120589972,0.0020811427384614944,0.0001639063993934542,30,30,30,0.2723909020947656,0.3832850521379481,64,4,16,218.4
medium_3mm_r2,1280,720,cycle,0,0.05736805871129036,0.0787346363067627,0.3212723135948181,0.9502223134040833,0.07023517787456512,0.17729803919792175,0.8124929070472717,0.07920432090759277,0.06492412090301514,153,72,none,raw,569,183,225,1.9918200969696045,0.0013835181016474962,0.0011678594164550304,0.00016711426724214107,30,30,30,0.17198442972816777,0.3232884211618392,64,11,6,97.9
medium_3mm_r2,854,480,cycle,0,0.05813402682542801,0.07697559893131256,0.3212723135948181,0.9524216651916504,0.04226217046380043,0.17729803919792175,0.9161508679389954,0.04845421016216278,0.07325553894042969,153,72,none,raw,569,183,225,1.9918200969696045,0.001240168116055429,0.0007349645020440221,0.00015759201778564602,30,30,23,0.20800019148573515,0.2845553596163057,64,24,3,45.7
medium_3mm_r2,640,360,cycle,0,0.09704341739416122,0.11286716908216476,0.3212723135948181,0.8977088332176208,0.038254350423812866,0.17729803919792175,0.9276496171951294,0.046848706901073456,0.07760318368673325,153,72,none,raw,569,183,225,1.9918200969696045,0.0009906792547553778,0.0006035035476088524,0.0001633398060221225,30,30,29,0.15604511338084778,0.2781930074014299,64,44,1,25.5
medium_3mm_r2,426,240,cycle,0,0.056619513779878616,0.07473786175251007,0.3212723135948181,0.9551477432250977,0.03698936477303505,0.17729803919792175,0.9301969408988953,0.045077867805957794,0.07173187285661697,153,72,none,raw,569,183,225,1.9918200969696045,0.0009337392402812839,0.0005361586227081716,0.00016263496945612133,30,30,30,0.13397777352894547,0.2563028335571289,64,64,1,13.0
medium_3mm_r2,320,180,cycle,0,0.05932101234793663,0.07507019490003586,0.3212723135948181,0.9547479748725891,0.04296623915433884,0.17729803919792175,0.9287140369415283,0.04699196666479111,0.059200599789619446,153,72,none,raw,569,183,225,1.9918200969696045,0.0008020548848435283,0.0008521757554262877,0.0001706324255792424,30,30,29,0.14336084523393736,0.26619958095863216,64,64,1,7.9
medium_3mm_r2,160,90,cycle,0,0.05288505554199219,0.06908529251813889,0.3212723135948181,0.9616757035255432,0.04319183528423309,0.17729803919792175,0.9235915541648865,0.04862477630376816,0.05411630868911743,153,72,none,raw,569,183,225,1.9918200969696045,0.0011067845625802875,0.0006933306576684117,0.0001882302894955501,30,30,30,0.1558872375421239,0.27841536725153687,64,64,1,3.4
medium_3mm_r2,80,45,cycle,0,0.05274327099323273,0.07289377599954605,0.3212723135948181,0.9573338031768799,0.0330011248588562,0.17729803919792175,0.9417133927345276,0.03797309845685959,0.06798144429922104,153,72,none,raw,569,183,225,1.9918200969696045,0.0007192509947344661,0.0004595856589730829,0.00015417824033647776,30,30,23,0.259868849769418,0.24254761888681214,64,64,1,2.5
medium_3mm_r2,48,27,cycle,0,0.05854735150933266,0.07381327450275421,0.3212723135948181,0.9562506079673767,0.04608999565243721,0.17729803919792175,0.8713469505310059,0.05465744435787201,0.07384048402309418,153,72,none,raw,569,183,225,1.9918200969696045,0.0010206702863797545,0.0010238264221698046,0.00016291937208734453,30,30,27,0.2776143957315723,0.26960236387826053,64,64,1,2.5
medium_3mm_r2,32,18,cycle,0,0.05531035363674164,0.07570500671863556,0.3212723135948181,0.9539794325828552,0.06341563165187836,0.17729803919792175,0.6862324476242065,0.08273213356733322,0.07335304468870163,153,72,none,raw,569,183,225,1.9918200969696045,0.0013979366049170494,0.0008181892917491496,0.00015403465658891946,30,30,30,0.2848264345594785,0.3197139990134317,64,64,1,2.8
medium_3mm_r2,16,9,cycle,0,0.062135130167007446,0.08088202774524689,0.3212723135948181,0.9474700689315796,0.07240898907184601,0.17729803919792175,0.7076380252838135,0.09157019108533859,0.07821335643529892,153,72,none,raw,569,183,225,1.9918200969696045,0.001439472776837647,0.0010984090622514486,0.00016190375026781112,30,30,30,0.28216472786633534,0.3281808342438578,64,64,1,3.4
medium_3mm_r2,8,5,cycle,0,0.15854832530021667,0.20926959812641144,0.3212723135948181,0.6483461856842041,0.0934925451874733,0.17729803919792175,0.5625308752059937,0.11411255598068237,0.18440063297748566,153,72,none,raw,569,183,225,1.9918200969696045,0.0021623729262501,0.0018326662248000503,0.000174795335624367,30,30,25,0.3376502990722656,0.4571558217533299,64,64,1,3.4
soft_1mm_r1,1920,1080,cycle,0,0.08191647380590439,0.1033199280500412,0.5147418975830078,0.9599940776824951,0.024700090289115906,0.15664677321910858,0.9741964340209961,0.03369225561618805,0.07641464471817017,52,71,none,raw,696,124,123,1.9484199285507202,0.0006043228786438704,0.0008501076372340322,0.00013672983914148062,30,30,24,0.19380954862839875,0.25042738020420074,64,4,16,256.6
soft_1mm_r1,1280,720,cycle,0,0.07902305573225021,0.10152492672204971,0.5147418975830078,0.9613720774650574,0.030447453260421753,0.15664677321910858,0.9574384093284607,0.04623414948582649,0.07544326782226562,52,71,none,raw,696,124,123,1.9484199285507202,0.0006833050865679979,0.0006846699398010969,0.00016343205061275512,30,30,30,0.15422133917267294,0.2652471796158821,64,11,6,113.0
soft_1mm_r1,854,480,cycle,0,0.07501998543739319,0.09565316885709763,0.5147418975830078,0.9657109975814819,0.03064357489347458,0.15664677321910858,0.9508926868438721,0.0520922876894474,0.06875443458557129,52,71,none,raw,696,124,123,1.9484199285507202,0.0005989997880533338,0.0007388143567368388,0.00014044283307157457,30,30,28,0.18037197165105534,0.2606045853707098,64,24,3,53.3
soft_1mm_r1,640,360,cycle,0,0.07481127977371216,0.096754290163517,0.5147418975830078,0.964917004108429,0.027886109426617622,0.15664677321910858,0.9605768918991089,0.04885060340166092,0.06840315461158752,52,71,none,raw,696,124,123,1.9484199285507202,0.0010405592620372772,0.0006645067478530109,0.00014743283099960536,30,30,28,0.1667986210735365,0.26175798139264506,64,44,1,29.8
soft_1mm_r1,426,240,cycle,0,0.09344757348299026,0.12017446756362915,0.5147418975830078,0.945877194404602,0.03405569866299629,0.15664677321910858,0.9509195685386658,0.033193107694387436,0.09062422066926956,52,71,none,raw,696,124,123,1.9484199285507202,0.0008438315126113594,0.0006429876084439456,0.00012725035776384175,30,30,4,0.33799363415816736,0.2776836118390483,64,64,1,14.8
soft_1mm_r1,320,180,cycle,0,0.09773772954940796,0.1213512122631073,0.5147418975830078,0.9448120594024658,0.02640392631292343,0.15664677321910858,0.9682352542877197,0.037068530917167664,0.09356081485748291,52,71,none,raw,696,124,123,1.9484199285507202,0.0005844500847160816,0.001022297772578895,0.00014314173313323408,30,30,28,0.18723886999590644,0.29667079064153856,64,64,1,9.1
soft_1mm_r1,160,90,cycle,0,0.08094115555286407,0.10122891515493393,0.5147418975830078,0.9615970253944397,0.029731769114732742,0.15664677321910858,0.9558321237564087,0.049471981823444366,0.07607536017894745,52,71,none,raw,696,124,123,1.9484199285507202,0.0008310755365528166,0.000897600781172514,0.00014828535495325923,30,30,12,0.36598821344046756,0.27577463273079167,64,64,1,3.7
soft_1mm_r1,80,45,cycle,0,0.06978423148393631,0.09193497896194458,0.5147418975830078,0.9683248996734619,0.03396080061793327,0.15664677321910858,0.9496591687202454,0.049476154148578644,0.06994646042585373,52,71,none,raw,696,124,123,1.9484199285507202,0.0004237101529724896,0.0005724650691263378,0.00014533592911902815,30,30,30,0.2518943465989211,0.2599288801993093,64,64,1,2.8
soft_1mm_r1,48,27,cycle,0,0.0727929174900055,0.09615042060613632,0.5147418975830078,0.9653535485267639,0.029932521283626556,0.15664677321910858,0.9443819522857666,0.047334279865026474,0.07310080528259277,52,71,none,raw,696,124,123,1.9484199285507202,0.0005588636850006878,0.0006293309270404279,0.0001418298197677359,30,30,29,0.25095934840454454,0.2555255812983359,64,64,1,2.7
soft_1mm_r1,32,18,cycle,0,0.07157930731773376,0.09249963611364365,0.5147418975830078,0.9679346680641174,0.03690114617347717,0.15664677321910858,0.9324926733970642,0.06023159995675087,0.07137876749038696,52,71,none,raw,696,124,123,1.9484199285507202,0.0005739008774980903,0.0006425455212593079,0.00014694876153953373,30,30,29,0.27372955727851256,0.2628515766512963,64,64,1,3.2
soft_1mm_r1,16,9,cycle,0,0.13428771495819092,0.19268642365932465,0.5147418975830078,0.8608579635620117,0.0730903372168541,0.15664677321910858,0.7211036086082458,0.12025810033082962,0.10440099239349365,52,71,none,raw,696,124,123,1.9484199285507202,0.001742976251989603,0.0012677318882197142,0.00013460007903631777,30,30,15,0.35734495897402707,0.4296448615289504,64,64,1,3.4
soft_1mm_r1,8,5,cycle,0,0.1841098815202713,0.24204693734645844,0.5147418975830078,0.780439019203186,0.050844453275203705,0.15664677321910858,0.840125560760498,0.09796865284442902,0.1492130309343338,52,71,none,raw,696,124,123,1.9484199285507202,0.0007775222766213119,0.0011970283230766654,0.00013240176485851407,30,30,29,0.31520893381929943,0.4231640754207488,64,64,1,3.6
soft_1mm_r2,1920,1080,cycle,0,0.08069711923599243,0.10973774641752243,0.3782925307750702,0.9344736337661743,0.05171911045908928,0.1938909888267517,0.8954173922538757,0.06315162032842636,0.0538155697286129,114,77,none,raw,613,161,191,1.7506799697875977,0.0012103755725547671,0.0008929105242714286,0.00016407978546340019,30,30,27,0.20115401334513652,0.31881429615968504,64,4,16,231.4
soft_1mm_r2,1280,720,cycle,0,0.09872914850711823,0.12560077011585236,0.3782925307750702,0.9141601920127869,0.04523080587387085,0.1938909888267517,0.9260250926017761,0.04634268209338188,0.10065476596355438,114,77,none,raw,613,161,191,1.7506799697875977,0.0008353726589120924,0.0009965634671971202,0.00016620842507109046,30,30,26,0.19056760953651167,0.30119451676836667,64,11,6,102.3
soft_1mm_r2,854,480,cycle,0,0.07504124194383621,0.10263471305370331,0.3782925307750702,0.9426817893981934,0.046401843428611755,0.1938909888267517,0.8991079330444336,0.06190517544746399,0.05851010978221893,114,77,none,raw,613,161,191,1.7506799697875977,0.0009394676308147609,0.0008823729585856199,0.00016987092385534197,30,30,28,0.17960440626346658,0.282482567781247,64,24,3,48.2
soft_1mm_r2,640,360,cycle,0,0.07819151133298874,0.10489992052316666,0.3782925307750702,0.9401237964630127,0.0377950482070446,0.1938909888267517,0.9365383982658386,0.04673127084970474,0.05551289767026901,114,77,none,raw,613,161,191,1.7506799697875977,0.000751455663703382,0.0007261693244799972,0.00016495950694661587,30,30,26,0.15844211609484127,0.2749632900546056,64,44,1,27.0
soft_1mm_r2,426,240,cycle,0,0.09629891812801361,0.13159967958927155,0.3782925307750702,0.905764639377594,0.03447674214839935,0.1938909888267517,0.9549582600593567,0.04344611242413521,0.059653040021657944,114,77,none,raw,613,161,191,1.7506799697875977,0.0008608268108218908,0.0008320139604620636,0.00015410066407639533,30,30,18,0.19561528303883788,0.2710905548948679,64,64,1,13.6
soft_1mm_r2,320,180,cycle,0,0.07411165535449982,0.11256711930036545,0.3782925307750702,0.9310511350631714,0.037611134350299835,0.1938909888267517,0.948878288269043,0.04796052724123001,0.05943700298666954,114,77,none,raw,613,161,191,1.7506799697875977,0.0007284320308826864,0.0007022472564131021,0.00016979221254587173,30,30,27,0.16360889717960825,0.2676260989645253,64,64,1,8.3
soft_1mm_r2,160,90,cycle,0,0.08430210500955582,0.11838210374116898,0.3782925307750702,0.9237436056137085,0.03491434454917908,0.1938909888267517,0.9530338048934937,0.045385416597127914,0.07493621855974197,114,77,none,raw,613,161,191,1.7506799697875977,0.0008729072287678719,0.0007737414562143385,0.00015572756819892675,30,30,26,0.1781515312817124,0.27828220699144446,64,64,1,3.5
soft_1mm_r2,80,45,cycle,0,0.07745803892612457,0.12089485675096512,0.3782925307750702,0.9204720258712769,0.03116069920361042,0.1938909888267517,0.9601693153381348,0.042117755860090256,0.0670306384563446,114,77,none,raw,613,161,191,1.7506799697875977,0.0008384677930735052,0.0006185659440234303,0.00016633662744425237,30,30,28,0.19460007728215725,0.26999418483757825,64,64,1,2.7
soft_1mm_r2,48,27,cycle,0,0.06008650362491608,0.09105648845434189,0.3782925307750702,0.9548844695091248,0.030722539871931076,0.1938909888267517,0.9676878452301025,0.03384324163198471,0.048155419528484344,114,77,none,raw,613,161,191,1.7506799697875977,0.000661682803183794,0.0006425030878745019,0.00018362529226578772,30,30,29,0.238674751891592,0.2707470662845588,64,64,1,2.6
soft_1mm_r2,32,18,cycle,0,0.08585379272699356,0.11753064393997192,0.3782925307750702,0.9248366355895996,0.04156527668237686,0.1938909888267517,0.9340864419937134,0.049033407121896744,0.06789666414260864,114,77,none,raw,613,161,191,1.7506799697875977,0.0008573618833906949,0.0006418500561267138,0.00018956548592541367,30,30,24,0.2984264056406441,0.3002383664528035,64,64,1,3.1
soft_1mm_r2,16,9,cycle,0,0.0961398258805275,0.12517666816711426,0.3782925307750702,0.9147388935089111,0.04446575045585632,0.1938909888267517,0.9240179657936096,0.0572081096470356,0.08275981992483139,114,77,none,raw,613,161,191,1.7506799697875977,0.001282524666748941,0.0007730594370514154,0.0001775770797394216,30,30,28,0.2684119615041412,0.3095138976292581,64,64,1,3.4
soft_1mm_r2,8,5,cycle,0,0.16578330099582672,0.22600027918815613,0.3782925307750702,0.7220785617828369,0.0808810219168663,0.1938909888267517,0.3974186182022095,0.08084162324666977,0.14501413702964783,114,77,none,raw,613,161,191,1.7506799697875977,0.0011265414068475366,0.0013985809637233615,0.00018477049889042974,30,30,30,0.3333095562983104,0.39243643624441965,64,64,1,3.5
soft_2mm_r1,1920,1080,cycle,0,0.06451944261789322,0.08063355833292007,0.2810401916503906,0.9485617876052856,0.04737815633416176,0.16348055005073547,0.9024611115455627,0.06473031640052795,0.06603050976991653,70,72,none,raw,649,200,142,1.7754099369049072,0.0009008776978589594,0.0009826308814808726,0.00018005909805651754,30,30,29,0.1741284627484614,0.24996344715356827,64,4,16,248.7
soft_2mm_r1,1280,720,cycle,0,0.05001099780201912,0.06504987925291061,0.2810401916503906,0.9665229916572571,0.0338175930082798,0.16348055005073547,0.9402990341186523,0.04759784787893295,0.06502914428710938,70,72,none,raw,649,200,142,1.7754099369049072,0.0005422141402959824,0.0008162949816323817,0.00015918593271635473,30,30,25,0.17274798009722553,0.22531601905822754,64,11,6,109.3
soft_2mm_r1,854,480,cycle,0,0.05730833858251572,0.0729222372174263,0.2810401916503906,0.9579298496246338,0.04965478926897049,0.16348055005073547,0.9007463455200195,0.05104979872703552,0.06606211513280869,70,72,none,raw,649,200,142,1.7754099369049072,0.0006288625299930573,0.0009060806478373706,0.00013900375051889569,30,30,23,0.23121488314747626,0.2577967071533203,64,24,3,51.1
soft_2mm_r1,640,360,cycle,0,0.059111110866069794,0.07866573333740234,0.2810401916503906,0.9510418176651001,0.03467931970953941,0.16348055005073547,0.9426624774932861,0.047789316624403,0.07016073167324066,70,72,none,raw,649,200,142,1.7754099369049072,0.0007912966539151967,0.0008047965820878744,0.0001466403336962685,30,30,21,0.19650042846867777,0.2510980749130249,64,44,1,28.8
soft_2mm_r1,426,240,cycle,0,0.058725208044052124,0.07610500603914261,0.2810401916503906,0.9541773200035095,0.03072354570031166,0.16348055005073547,0.9589828252792358,0.04275847226381302,0.06980077922344208,70,72,none,raw,649,200,142,1.7754099369049072,0.0006020553410053253,0.0007710675708949566,0.00015896525292191654,30,30,27,0.191684816761634,0.23391112089157104,64,64,1,14.8
soft_2mm_r1,320,180,cycle,0,0.0654406026005745,0.08244592696428299,0.2810401916503906,0.9462234973907471,0.026592090725898743,0.16348055005073547,0.9650090336799622,0.036732640117406845,0.0791650339961052,70,72,none,raw,649,200,142,1.7754099369049072,0.001171692623756826,0.000617310288362205,0.00016400794265791774,30,30,30,0.12286504060718789,0.24897678136825563,64,64,1,9.0
soft_2mm_r1,160,90,cycle,0,0.05871421471238136,0.07620636373758316,0.2810401916503906,0.9540551900863647,0.024354472756385803,0.16348055005073547,0.9703433513641357,0.03065446764230728,0.06408733129501343,70,72,none,raw,649,200,142,1.7754099369049072,0.0004377625009510666,0.000580092950258404,0.0001493495365139097,30,30,29,0.16420445493630526,0.22930000066757203,64,64,1,3.8
soft_2mm_r1,80,45,cycle,0,0.08230631053447723,0.10332677513360977,0.2810401916503906,0.9155344367027283,0.02756316214799881,0.16348055005073547,0.9601665735244751,0.03718874230980873,0.0876416265964508,70,72,none,raw,649,200,142,1.7754099369049072,0.0004987874417565763,0.0006239354843273759,0.0001505296240793541,30,30,28,0.21220672406106958,0.22869621396064757,64,64,1,2.9
soft_2mm_r1,48,27,cycle,0,0.05498424544930458,0.07404262572526932,0.2810401916503906,0.9566271901130676,0.029386499896645546,0.16348055005073547,0.9275306463241577,0.0378764383494854,0.06554558873176575,70,72,none,raw,649,200,142,1.7754099369049072,0.00038438872434198856,0.0006130317342467606,0.0001435600279364735,30,30,29,0.2186380505378147,0.19677554249763488,64,64,1,2.8
soft_2mm_r1,32,18,cycle,0,0.062089718878269196,0.08359100669622421,0.2810401916503906,0.9447193741798401,0.031855009496212006,0.16348055005073547,0.9555799961090088,0.04644673690199852,0.07362523674964905,70,72,none,raw,649,200,142,1.7754099369049072,0.0006899176514707506,0.0007969532161951065,0.00014891142200212926,30,30,30,0.2560996994582824,0.21432237267494203,64,64,1,3.2
soft_2mm_r1,16,9,cycle,0,0.07736203819513321,0.09636591374874115,0.2810401916503906,0.9265315532684326,0.04605994373559952,0.16348055005073547,0.8975744247436523,0.06508494168519974,0.07866183668375015,70,72,none,raw,649,200,142,1.7754099369049072,0.0009085771162062883,0.0009450338548049331,0.00015867104229982942,30,30,30,0.2677729405313501,0.23729109048843383,64,64,1,3.7
soft_2mm_r1,8,5,cycle,0,0.14553290605545044,0.2374928742647171,0.2810401916503906,0.5537737011909485,0.09157708287239075,0.16348055005073547,0.4586138129234314,0.1127077043056488,0.15744639933109283,70,72,none,raw,649,200,142,1.7754099369049072,0.0017403033562004566,0.0018739653751254082,0.00014493850176222622,30,30,23,0.33401083101293155,0.3389915418624878,64,64,1,3.8
soft_2mm_r2,1920,1080,cycle,0,0.07111299782991409,0.09240487217903137,0.3674757182598114,0.9589849710464478,0.038162849843502045,0.15498988330364227,0.936359167098999,0.039210110902786255,0.07492007315158844,72,71,none,raw,678,171,143,1.954200029373169,0.000852821976877749,0.000642401457298547,0.00017322582425549626,30,30,19,0.23266578634931626,0.2751067218027617,64,4,16,256.8
soft_2mm_r2,1280,720,cycle,0,0.06267792731523514,0.07920341938734055,0.3674757182598114,0.9698671102523804,0.027877256274223328,0.15498988330364227,0.9666300415992737,0.036097463220357895,0.07688769698143005,72,71,none,raw,678,171,143,1.954200029373169,0.0007484346278943121,0.0006188663537614048,0.00016619583766441792,30,30,29,0.20447123332009554,0.28632340305729914,64,11,6,112.5
soft_2mm_r2,854,480,cycle,0,0.05850154906511307,0.07409228384494781,0.3674757182598114,0.9736306667327881,0.03581436350941658,0.15498988330364227,0.9445208311080933,0.045411527156829834,0.06844144314527512,72,71,none,raw,678,171,143,1.954200029373169,0.0009748865850269794,0.0010573965264484286,0.00016045414668042213,30,30,28,0.19143837250791115,0.30251291202522856,64,24,3,52.6
soft_2mm_r2,640,360,cycle,0,0.0638093501329422,0.08258713781833649,0.3674757182598114,0.9672374129295349,0.024536704644560814,0.15498988330364227,0.972159206867218,0.030147109180688858,0.08030609041452408,72,71,none,raw,678,171,143,1.954200029373169,0.0005864279810339212,0.0005029464373365045,0.00014780955098103732,30,30,30,0.1601585265809456,0.2621433302672983,64,44,1,29.4
soft_2mm_r2,426,240,cycle,0,0.05857198312878609,0.07482518255710602,0.3674757182598114,0.9731064438819885,0.027487684041261673,0.15498988330364227,0.964333713054657,0.03330865129828453,0.06092582643032074,72,71,none,raw,678,171,143,1.954200029373169,0.0010978298960253596,0.0013170096790418029,0.00017192968516610563,30,30,28,0.1659385996230584,0.287248332598056,64,64,1,14.8
soft_2mm_r2,320,180,cycle,0,0.056803230196237564,0.07360215485095978,0.3674757182598114,0.9739784002304077,0.022881222888827324,0.15498988330364227,0.9757048487663269,0.02774142473936081,0.0708208680152893,72,71,none,raw,678,171,143,1.954200029373169,0.0008859927183948457,0.0005079780821688473,0.00016343539755325764,30,30,28,0.17707836663125187,0.26621082372832716,64,64,1,9.1
soft_2mm_r2,160,90,cycle,0,0.06858693808317184,0.08940770477056503,0.3674757182598114,0.961602509021759,0.02631356194615364,0.15498988330364227,0.9657865762710571,0.031862083822488785,0.08498874306678772,72,71,none,raw,678,171,143,1.954200029373169,0.0007156753563322127,0.0005138005944900215,0.00015976076247170568,30,30,17,0.2662127446987636,0.2870517864561917,64,64,1,3.7
soft_2mm_r2,80,45,cycle,0,0.051425982266664505,0.06719241291284561,0.3674757182598114,0.9783133268356323,0.022241638973355293,0.15498988330364227,0.9731851816177368,0.03048788756132126,0.06049627810716629,72,71,none,raw,678,171,143,1.954200029373169,0.0009171290439553559,0.0006347671151161194,0.00017385021783411503,30,30,21,0.29183514209623534,0.28269290924072266,64,64,1,2.9
soft_2mm_r2,48,27,cycle,0,0.06287325173616409,0.07843651622533798,0.3674757182598114,0.9704477787017822,0.020975720137357712,0.15498988330364227,0.9771899580955505,0.025273118168115616,0.07378435879945755,72,71,none,raw,678,171,143,1.954200029373169,0.0005048412131145597,0.00046585139352828264,0.00016764739120844752,30,30,28,0.2628788737069189,0.2530244693421481,64,64,1,2.8
soft_2mm_r2,32,18,cycle,0,0.06430192291736603,0.08626257628202438,0.3674757182598114,0.9642564058303833,0.023048117756843567,0.15498988330364227,0.9739355444908142,0.030264629051089287,0.0815190002322197,72,71,none,raw,678,171,143,1.954200029373169,0.0004790336824953556,0.0005197646678425372,0.00017144912271760404,30,30,30,0.3164377423514307,0.2746122427154006,64,64,1,3.3
soft_2mm_r2,16,9,cycle,0,0.0745280310511589,0.09217026829719543,0.3674757182598114,0.9591929912567139,0.041242633014917374,0.15498988330364227,0.9215009212493896,0.056659117341041565,0.08532866090536118,72,71,none,raw,678,171,143,1.954200029373169,0.000561752705834806,0.0007187888259068131,0.00015456335677299649,30,30,30,0.34833976441780024,0.3067259649087114,64,64,1,3.5
soft_2mm_r2,8,5,cycle,0,0.11665376275777817,0.16557490825653076,0.3674757182598114,0.8683132529258728,0.05759724602103233,0.15498988330364227,0.7621123790740967,0.06990224868059158,0.13785496354103088,72,71,none,raw,678,171,143,1.954200029373169,0.0010084434179589152,0.0011404078686609864,0.00019534112652763724,30,30,23,0.34207695564337537,0.3904095142208345,64,64,1,3.6
soft_3mm_r1,1920,1080,cycle,0,0.0686182826757431,0.08985020965337753,0.31624743342399597,0.9498428106307983,0.07384549081325531,0.1836698204278946,0.7870034575462341,0.10492254048585892,0.06924616545438766,78,76,none,raw,693,148,154,1.9223599433898926,0.0014688323717564344,0.0011708573438227177,0.00016876589506864548,30,30,29,0.17259062207364417,0.30390786399712433,64,4,16,258.0
soft_3mm_r1,1280,720,cycle,0,0.06236868351697922,0.08555998653173447,0.31624743342399597,0.9545183181762695,0.0682251900434494,0.1836698204278946,0.7865456342697144,0.10728593915700912,0.05984323099255562,78,76,none,raw,693,148,154,1.9223599433898926,0.0015137754380702972,0.001256695599295199,0.00018264510435983539,30,30,22,0.2307715102879688,0.3033725305183514,64,11,6,113.5
soft_3mm_r1,854,480,cycle,0,0.0667143166065216,0.09094987064599991,0.31624743342399597,0.9486075639724731,0.06297753006219864,0.1836698204278946,0.8367651104927063,0.08927779644727707,0.05458454042673111,78,76,none,raw,693,148,154,1.9223599433898926,0.001378264743834734,0.0009585859952494502,0.00015970283129718155,30,30,28,0.21506834477401227,0.275446915143245,64,24,3,53.3
soft_3mm_r1,640,360,cycle,0,0.06297248601913452,0.08656581491231918,0.31624743342399597,0.9534426927566528,0.05710688978433609,0.1836698204278946,0.8547635078430176,0.08576621115207672,0.053984384983778,78,76,none,raw,693,148,154,1.9223599433898926,0.0012565790675580502,0.0008272976847365499,0.0001589589664945379,30,30,30,0.16512812302054092,0.2536699900756011,64,44,1,30.1
soft_3mm_r1,426,240,cycle,0,0.08242450654506683,0.10243138670921326,0.31624743342399597,0.9348130226135254,0.053938332945108414,0.1836698204278946,0.8644017577171326,0.0762825533747673,0.06577924638986588,78,76,none,raw,693,148,154,1.9223599433898926,0.0013297625118866563,0.0008219570736400783,0.00017627389752306044,30,30,30,0.12873786455625064,0.2803031882724246,64,64,1,14.8
soft_3mm_r1,320,180,cycle,0,0.07782558351755142,0.09907553344964981,0.31624743342399597,0.9390143156051636,0.05500961095094681,0.1836698204278946,0.8582613468170166,0.07927502691745758,0.06306467205286026,78,76,none,raw,693,148,154,1.9223599433898926,0.0012751395115628839,0.0009149796678684652,0.00018668058328330517,30,30,30,0.125909975940875,0.2657851625133205,64,64,1,9.0
soft_3mm_r1,160,90,cycle,0,0.07407737523317337,0.09433383494615555,0.31624743342399597,0.9447121620178223,0.05214759334921837,0.1836698204278946,0.8767514228820801,0.07529812306165695,0.06470704823732376,78,76,none,raw,693,148,154,1.9223599433898926,0.0011917707743123174,0.0008194528636522591,0.00018851403729058802,30,30,26,0.17861413749265465,0.2693640573604687,64,64,1,3.7
soft_3mm_r1,80,45,cycle,0,0.062487293034791946,0.08241881430149078,0.31624743342399597,0.957796573638916,0.04843593016266823,0.1836698204278946,0.8828046917915344,0.07182127237319946,0.05448724702000618,78,76,none,raw,693,148,154,1.9223599433898926,0.0011838043574243784,0.000665671075694263,0.00017811004363466054,30,30,30,0.2083118859823648,0.24590638521555308,64,64,1,2.9
soft_3mm_r1,48,27,cycle,0,0.09162537008523941,0.11159002780914307,0.31624743342399597,0.9226347804069519,0.05846605822443962,0.1836698204278946,0.8427239060401917,0.08483365923166275,0.07626467943191528,78,76,none,raw,693,148,154,1.9223599433898926,0.001487457426264882,0.0007094255415722728,0.00019789618090726435,30,30,24,0.26813912770104786,0.26612210595929947,64,64,1,2.8
soft_3mm_r1,32,18,cycle,0,0.07601018249988556,0.09870497137308121,0.31624743342399597,0.9394696950912476,0.05223575234413147,0.1836698204278946,0.8632001876831055,0.0809817910194397,0.0792246088385582,78,76,none,raw,693,148,154,1.9223599433898926,0.0011941930279135704,0.0009125998476520181,0.0001817231677705422,30,30,25,0.3535478737791207,0.2491780100642024,64,64,1,3.1
soft_3mm_r1,16,9,cycle,0,0.07841306179761887,0.10278409719467163,0.31624743342399597,0.9343633055686951,0.047737933695316315,0.1836698204278946,0.8762894868850708,0.07804284989833832,0.07229720801115036,78,76,none,raw,693,148,154,1.9223599433898926,0.001135809114202857,0.0008549469639547169,0.0001609555765753612,30,30,30,0.272734079182062,0.2510140135481551,64,64,1,3.7
soft_3mm_r1,8,5,cycle,0,0.10700315982103348,0.1735934168100357,0.31624743342399597,0.8127760887145996,0.09433069080114365,0.1836698204278946,0.5296545624732971,0.12241344898939133,0.13017301261425018,78,76,none,raw,693,148,154,1.9223599433898926,0.002171976724639535,0.001271009212359786,0.0001961971283890307,30,30,28,0.32564652292931406,0.3204731425723514,64,64,1,3.7
soft_3mm_r2,1920,1080,cycle,0,0.060883309692144394,0.08078518509864807,0.34601104259490967,0.9459369778633118,0.06220577657222748,0.17662112414836884,0.8446012139320374,0.07179896533489227,0.07505237311124802,110,74,none,raw,630,178,184,1.9205600023269653,0.0016362564638257027,0.0007153532351367176,0.00019574962789192796,30,30,26,0.2354942403615467,0.2780886995658446,64,4,16,241.2
soft_3mm_r2,1280,720,cycle,0,0.05276088789105415,0.07058792561292648,0.34601104259490967,0.9587240219116211,0.05411259084939957,0.17662112414836884,0.8790016174316406,0.06219600886106491,0.04877155274152756,110,74,none,raw,630,178,184,1.9205600023269653,0.0013417248846963048,0.000603649765253067,0.0001949263969436288,30,30,29,0.23208046451447503,0.24062654108143924,64,11,6,105.8
soft_3mm_r2,854,480,cycle,0,0.05969969555735588,0.07724073529243469,0.34601104259490967,0.9505769610404968,0.03909999504685402,0.17662112414836884,0.9109445214271545,0.055471573024988174,0.06670481711626053,110,74,none,raw,630,178,184,1.9205600023269653,0.0014650181401520967,0.0006950218812562525,0.00017216874402947724,30,30,24,0.19805401374423315,0.23536668466718008,64,24,3,49.3
soft_3mm_r2,640,360,cycle,0,0.04770122841000557,0.06299567967653275,0.34601104259490967,0.9671255350112915,0.04834384098649025,0.17662112414836884,0.9116548895835876,0.05301027372479439,0.050468556582927704,110,74,none,raw,630,178,184,1.9205600023269653,0.0010533066233620048,0.000576227845158428,0.00016866778605617583,30,30,30,0.16576807158333914,0.21933338950189313,64,44,1,27.5
soft_3mm_r2,426,240,cycle,0,0.05059226602315903,0.06764062494039536,0.34601104259490967,0.9620988965034485,0.032171085476875305,0.17662112414836884,0.9480832815170288,0.041458625346422195,0.051357388496398926,110,74,none,raw,630,178,184,1.9205600023269653,0.0009214186575263739,0.0010585302952677011,0.00020838703494518995,30,30,23,0.206842137139941,0.22347641526983025,64,64,1,13.8
soft_3mm_r2,320,180,cycle,0,0.05876336991786957,0.07501797378063202,0.34601104259490967,0.9533805251121521,0.034431494772434235,0.17662112414836884,0.9535664319992065,0.04242342710494995,0.06379733979701996,110,74,none,raw,630,178,184,1.9205600023269653,0.0009075180278159678,0.0006738918600603938,0.00017944996943697333,30,30,24,0.17000732648940314,0.22799315077535223,64,64,1,8.5
soft_3mm_r2,160,90,cycle,0,0.06674157828092575,0.08200723677873611,0.34601104259490967,0.944288969039917,0.037824805825948715,0.17662112414836884,0.9508537650108337,0.0326978862285614,0.058358896523714066,110,74,none,raw,630,178,184,1.9205600023269653,0.0007914875750429928,0.0005945416050963104,0.0002023965207627043,30,30,24,0.18686826645381868,0.2450967745834522,64,64,1,3.6
soft_3mm_r2,80,45,cycle,0,0.06764347106218338,0.0844084843993187,0.34601104259490967,0.9409786462783813,0.04588949307799339,0.17662112414836884,0.932671844959259,0.04291575029492378,0.06944403797388077,110,74,none,raw,630,178,184,1.9205600023269653,0.0010235910303890705,0.0005514727672562003,0.0001733166427584365,30,30,30,0.23710748884412977,0.24647855758666992,64,64,1,2.8
soft_3mm_r2,48,27,cycle,0,0.04354754835367203,0.05916760116815567,0.34601104259490967,0.970999538898468,0.0471552312374115,0.17662112414836884,0.8993139266967773,0.060075320303440094,0.04645422101020813,110,74,none,raw,630,178,184,1.9205600023269653,0.001095332088880241,0.0005091659841127694,0.00018125072529073805,30,30,30,0.26871774310157415,0.219143813915467,64,64,1,2.7
soft_3mm_r2,32,18,cycle,0,0.05323309078812599,0.07128352671861649,0.34601104259490967,0.9579064846038818,0.05893953517079353,0.17662112414836884,0.7383290529251099,0.08775587379932404,0.05703149735927582,110,74,none,raw,630,178,184,1.9205600023269653,0.0014696411089971662,0.0008982857107184827,0.00019866813090629876,30,30,27,0.32371615909394763,0.2299428361185481,64,64,1,3.1
soft_3mm_r2,16,9,cycle,0,0.07428523153066635,0.09699836373329163,0.34601104259490967,0.9220590591430664,0.05868064984679222,0.17662112414836884,0.7528344988822937,0.08005960285663605,0.08766764402389526,110,74,none,raw,630,178,184,1.9205600023269653,0.0015149373793974519,0.0008879907545633614,0.00019519917259458452,30,30,20,0.36045316363137864,0.25707099143038975,64,64,1,3.5
soft_3mm_r2,8,5,cycle,0,0.12394656985998154,0.15463732182979584,0.34601104259490967,0.8019086718559265,0.06929004937410355,0.17662112414836884,0.687874436378479,0.09895928204059601,0.12198124825954437,110,74,none,raw,630,178,184,1.9205600023269653,0.002455919049680233,0.0012121612671762705,0.0001964764524018392,30,30,30,0.3159038573976547,0.30958746792225356,64,64,1,3.6
